<?xml version="1.0" encoding="UTF-8"?>
<export version="D">
  <design>
    <source>C:\Users\Home\OneDrive\Phocoena-DAQ\Hardware\hydrophone_stm32_board\hydrophone_stm32_board.sch</source>
    <date>02/04/2020 16:28:58</date>
    <tool>Eeschema (5.1.4)-1</tool>
    <sheet number="1" name="/" tstamps="/">
      <title_block>
        <title/>
        <company/>
        <rev/>
        <date/>
        <source>hydrophone_stm32_board.sch</source>
        <comment number="1" value=""/>
        <comment number="2" value=""/>
        <comment number="3" value=""/>
        <comment number="4" value=""/>
      </title_block>
    </sheet>
  </design>
  <components>
    <comp ref="U1">
      <value>AMS1117-3.3</value>
      <footprint>Package_TO_SOT_SMD:SOT-223-3_TabPin2</footprint>
      <datasheet>http://www.advanced-monolithic.com/pdf/ds1117.pdf</datasheet>
      <libsource lib="Regulator_Linear" part="AMS1117-3.3" description="1A Low Dropout regulator, positive, 3.3V fixed output, SOT-223"/>
      <sheetpath names="/" tstamps="/"/>
      <tstamp>5E81BA85</tstamp>
    </comp>
    <comp ref="FB1">
      <value>100 @ 100 MHz</value>
      <footprint>Inductor_SMD:L_0603_1608Metric</footprint>
      <datasheet>~</datasheet>
      <libsource lib="Device" part="Ferrite_Bead_Small" description="Ferrite bead, small symbol"/>
      <sheetpath names="/" tstamps="/"/>
      <tstamp>5E81FD87</tstamp>
    </comp>
    <comp ref="F1">
      <value>500mA</value>
      <footprint>Fuse:Fuse_0603_1608Metric</footprint>
      <datasheet>~</datasheet>
      <libsource lib="Device" part="Fuse_Small" description="Fuse, small symbol"/>
      <sheetpath names="/" tstamps="/"/>
      <tstamp>5E823139</tstamp>
    </comp>
    <comp ref="D2">
      <value>B5819W</value>
      <footprint>Diode_SMD:D_SOD-123</footprint>
      <datasheet>~</datasheet>
      <libsource lib="Device" part="D_Schottky_Small" description="Schottky diode, small symbol"/>
      <sheetpath names="/" tstamps="/"/>
      <tstamp>5E8279CD</tstamp>
    </comp>
    <comp ref="C31">
      <value>10u</value>
      <footprint>Capacitor_SMD:C_0603_1608Metric</footprint>
      <datasheet>~</datasheet>
      <libsource lib="Device" part="C_Small" description="Unpolarized capacitor, small symbol"/>
      <sheetpath names="/" tstamps="/"/>
      <tstamp>5E82BB84</tstamp>
    </comp>
    <comp ref="C32">
      <value>10u</value>
      <footprint>Capacitor_SMD:C_0603_1608Metric</footprint>
      <datasheet>~</datasheet>
      <libsource lib="Device" part="C_Small" description="Unpolarized capacitor, small symbol"/>
      <sheetpath names="/" tstamps="/"/>
      <tstamp>5E82CD94</tstamp>
    </comp>
    <comp ref="FB2">
      <value>100 @ 100 MHz</value>
      <footprint>Inductor_SMD:L_0603_1608Metric</footprint>
      <datasheet>~</datasheet>
      <libsource lib="Device" part="Ferrite_Bead_Small" description="Ferrite bead, small symbol"/>
      <sheetpath names="/" tstamps="/"/>
      <tstamp>5E844D1E</tstamp>
    </comp>
    <comp ref="C36">
      <value>1u</value>
      <footprint>Capacitor_Tantalum_SMD:CP_EIA-3216-18_Kemet-A</footprint>
      <datasheet>~</datasheet>
      <libsource lib="Device" part="CP1_Small" description="Polarized capacitor, small US symbol"/>
      <sheetpath names="/" tstamps="/"/>
      <tstamp>5E846BFA</tstamp>
    </comp>
    <comp ref="C37">
      <value>100n</value>
      <footprint>Capacitor_SMD:C_0402_1005Metric</footprint>
      <datasheet>~</datasheet>
      <libsource lib="Device" part="C_Small" description="Unpolarized capacitor, small symbol"/>
      <sheetpath names="/" tstamps="/"/>
      <tstamp>5E8471A4</tstamp>
    </comp>
    <comp ref="C18">
      <value>100n</value>
      <footprint>Capacitor_SMD:C_0402_1005Metric</footprint>
      <datasheet>~</datasheet>
      <libsource lib="Device" part="C_Small" description="Unpolarized capacitor, small symbol"/>
      <sheetpath names="/" tstamps="/"/>
      <tstamp>5E85C32C</tstamp>
    </comp>
    <comp ref="C19">
      <value>100n</value>
      <footprint>Capacitor_SMD:C_0402_1005Metric</footprint>
      <datasheet>~</datasheet>
      <libsource lib="Device" part="C_Small" description="Unpolarized capacitor, small symbol"/>
      <sheetpath names="/" tstamps="/"/>
      <tstamp>5E85CE18</tstamp>
    </comp>
    <comp ref="C20">
      <value>100n</value>
      <footprint>Capacitor_SMD:C_0402_1005Metric</footprint>
      <datasheet>~</datasheet>
      <libsource lib="Device" part="C_Small" description="Unpolarized capacitor, small symbol"/>
      <sheetpath names="/" tstamps="/"/>
      <tstamp>5E85D138</tstamp>
    </comp>
    <comp ref="C21">
      <value>100n</value>
      <footprint>Capacitor_SMD:C_0402_1005Metric</footprint>
      <datasheet>~</datasheet>
      <libsource lib="Device" part="C_Small" description="Unpolarized capacitor, small symbol"/>
      <sheetpath names="/" tstamps="/"/>
      <tstamp>5E8621AE</tstamp>
    </comp>
    <comp ref="C22">
      <value>100n</value>
      <footprint>Capacitor_SMD:C_0402_1005Metric</footprint>
      <datasheet>~</datasheet>
      <libsource lib="Device" part="C_Small" description="Unpolarized capacitor, small symbol"/>
      <sheetpath names="/" tstamps="/"/>
      <tstamp>5E8621B4</tstamp>
    </comp>
    <comp ref="C23">
      <value>100n</value>
      <footprint>Capacitor_SMD:C_0402_1005Metric</footprint>
      <datasheet>~</datasheet>
      <libsource lib="Device" part="C_Small" description="Unpolarized capacitor, small symbol"/>
      <sheetpath names="/" tstamps="/"/>
      <tstamp>5E8621BA</tstamp>
    </comp>
    <comp ref="C24">
      <value>100n</value>
      <footprint>Capacitor_SMD:C_0402_1005Metric</footprint>
      <datasheet>~</datasheet>
      <libsource lib="Device" part="C_Small" description="Unpolarized capacitor, small symbol"/>
      <sheetpath names="/" tstamps="/"/>
      <tstamp>5E863F9B</tstamp>
    </comp>
    <comp ref="C25">
      <value>100n</value>
      <footprint>Capacitor_SMD:C_0402_1005Metric</footprint>
      <datasheet>~</datasheet>
      <libsource lib="Device" part="C_Small" description="Unpolarized capacitor, small symbol"/>
      <sheetpath names="/" tstamps="/"/>
      <tstamp>5E863FA1</tstamp>
    </comp>
    <comp ref="C26">
      <value>100n</value>
      <footprint>Capacitor_SMD:C_0402_1005Metric</footprint>
      <datasheet>~</datasheet>
      <libsource lib="Device" part="C_Small" description="Unpolarized capacitor, small symbol"/>
      <sheetpath names="/" tstamps="/"/>
      <tstamp>5E863FA7</tstamp>
    </comp>
    <comp ref="C16">
      <value>100n</value>
      <footprint>Capacitor_SMD:C_0402_1005Metric</footprint>
      <datasheet>~</datasheet>
      <libsource lib="Device" part="C_Small" description="Unpolarized capacitor, small symbol"/>
      <sheetpath names="/" tstamps="/"/>
      <tstamp>5E864D45</tstamp>
    </comp>
    <comp ref="C17">
      <value>100n</value>
      <footprint>Capacitor_SMD:C_0402_1005Metric</footprint>
      <datasheet>~</datasheet>
      <libsource lib="Device" part="C_Small" description="Unpolarized capacitor, small symbol"/>
      <sheetpath names="/" tstamps="/"/>
      <tstamp>5E864D4B</tstamp>
    </comp>
    <comp ref="C7">
      <value>100n</value>
      <footprint>Capacitor_SMD:C_0402_1005Metric</footprint>
      <datasheet>~</datasheet>
      <libsource lib="Device" part="C_Small" description="Unpolarized capacitor, small symbol"/>
      <sheetpath names="/" tstamps="/"/>
      <tstamp>5E86A3B3</tstamp>
    </comp>
    <comp ref="C8">
      <value>100n</value>
      <footprint>Capacitor_SMD:C_0402_1005Metric</footprint>
      <datasheet>~</datasheet>
      <libsource lib="Device" part="C_Small" description="Unpolarized capacitor, small symbol"/>
      <sheetpath names="/" tstamps="/"/>
      <tstamp>5E86A3B9</tstamp>
    </comp>
    <comp ref="C9">
      <value>100n</value>
      <footprint>Capacitor_SMD:C_0402_1005Metric</footprint>
      <datasheet>~</datasheet>
      <libsource lib="Device" part="C_Small" description="Unpolarized capacitor, small symbol"/>
      <sheetpath names="/" tstamps="/"/>
      <tstamp>5E86A3BF</tstamp>
    </comp>
    <comp ref="C10">
      <value>100n</value>
      <footprint>Capacitor_SMD:C_0402_1005Metric</footprint>
      <datasheet>~</datasheet>
      <libsource lib="Device" part="C_Small" description="Unpolarized capacitor, small symbol"/>
      <sheetpath names="/" tstamps="/"/>
      <tstamp>5E86A3C5</tstamp>
    </comp>
    <comp ref="C11">
      <value>100n</value>
      <footprint>Capacitor_SMD:C_0402_1005Metric</footprint>
      <datasheet>~</datasheet>
      <libsource lib="Device" part="C_Small" description="Unpolarized capacitor, small symbol"/>
      <sheetpath names="/" tstamps="/"/>
      <tstamp>5E86A3CB</tstamp>
    </comp>
    <comp ref="C12">
      <value>100n</value>
      <footprint>Capacitor_SMD:C_0402_1005Metric</footprint>
      <datasheet>~</datasheet>
      <libsource lib="Device" part="C_Small" description="Unpolarized capacitor, small symbol"/>
      <sheetpath names="/" tstamps="/"/>
      <tstamp>5E86A3D1</tstamp>
    </comp>
    <comp ref="C13">
      <value>100n</value>
      <footprint>Capacitor_SMD:C_0402_1005Metric</footprint>
      <datasheet>~</datasheet>
      <libsource lib="Device" part="C_Small" description="Unpolarized capacitor, small symbol"/>
      <sheetpath names="/" tstamps="/"/>
      <tstamp>5E86A3D7</tstamp>
    </comp>
    <comp ref="C14">
      <value>100n</value>
      <footprint>Capacitor_SMD:C_0402_1005Metric</footprint>
      <datasheet>~</datasheet>
      <libsource lib="Device" part="C_Small" description="Unpolarized capacitor, small symbol"/>
      <sheetpath names="/" tstamps="/"/>
      <tstamp>5E86A3DD</tstamp>
    </comp>
    <comp ref="C15">
      <value>100n</value>
      <footprint>Capacitor_SMD:C_0402_1005Metric</footprint>
      <datasheet>~</datasheet>
      <libsource lib="Device" part="C_Small" description="Unpolarized capacitor, small symbol"/>
      <sheetpath names="/" tstamps="/"/>
      <tstamp>5E86A3E3</tstamp>
    </comp>
    <comp ref="C5">
      <value>100n</value>
      <footprint>Capacitor_SMD:C_0402_1005Metric</footprint>
      <datasheet>~</datasheet>
      <libsource lib="Device" part="C_Small" description="Unpolarized capacitor, small symbol"/>
      <sheetpath names="/" tstamps="/"/>
      <tstamp>5E86A3E9</tstamp>
    </comp>
    <comp ref="C6">
      <value>100n</value>
      <footprint>Capacitor_SMD:C_0402_1005Metric</footprint>
      <datasheet>~</datasheet>
      <libsource lib="Device" part="C_Small" description="Unpolarized capacitor, small symbol"/>
      <sheetpath names="/" tstamps="/"/>
      <tstamp>5E86A3EF</tstamp>
    </comp>
    <comp ref="C4">
      <value>100n</value>
      <footprint>Capacitor_SMD:C_0402_1005Metric</footprint>
      <datasheet>~</datasheet>
      <libsource lib="Device" part="C_Small" description="Unpolarized capacitor, small symbol"/>
      <sheetpath names="/" tstamps="/"/>
      <tstamp>5E86ABB7</tstamp>
    </comp>
    <comp ref="C3">
      <value>1u</value>
      <footprint>Capacitor_Tantalum_SMD:CP_EIA-3216-18_Kemet-A</footprint>
      <datasheet>~</datasheet>
      <libsource lib="Device" part="CP1_Small" description="Polarized capacitor, small US symbol"/>
      <sheetpath names="/" tstamps="/"/>
      <tstamp>5E86B3A1</tstamp>
    </comp>
    <comp ref="C2">
      <value>4.7u</value>
      <footprint>Capacitor_Tantalum_SMD:CP_EIA-3216-18_Kemet-A</footprint>
      <datasheet>~</datasheet>
      <libsource lib="Device" part="CP1_Small" description="Polarized capacitor, small US symbol"/>
      <sheetpath names="/" tstamps="/"/>
      <tstamp>5E86D2E0</tstamp>
    </comp>
    <comp ref="C1">
      <value>4.7u</value>
      <footprint>Capacitor_Tantalum_SMD:CP_EIA-3216-18_Kemet-A</footprint>
      <datasheet>~</datasheet>
      <libsource lib="Device" part="CP1_Small" description="Polarized capacitor, small US symbol"/>
      <sheetpath names="/" tstamps="/"/>
      <tstamp>5E86D630</tstamp>
    </comp>
    <comp ref="HSE1">
      <value>25MHz</value>
      <footprint>Crystal:Crystal_SMD_3225-4Pin_3.2x2.5mm</footprint>
      <datasheet>~</datasheet>
      <libsource lib="Device" part="Crystal_GND24_Small" description="Four pin crystal, GND on pins 2 and 4, small symbol"/>
      <sheetpath names="/" tstamps="/"/>
      <tstamp>5E881452</tstamp>
    </comp>
    <comp ref="R2">
      <value>100</value>
      <footprint>Resistor_SMD:R_0402_1005Metric</footprint>
      <datasheet>~</datasheet>
      <libsource lib="Device" part="R_Small" description="Resistor, small symbol"/>
      <sheetpath names="/" tstamps="/"/>
      <tstamp>5E889474</tstamp>
    </comp>
    <comp ref="C28">
      <value>18p</value>
      <footprint>Capacitor_SMD:C_0402_1005Metric</footprint>
      <datasheet>~</datasheet>
      <libsource lib="Device" part="C_Small" description="Unpolarized capacitor, small symbol"/>
      <sheetpath names="/" tstamps="/"/>
      <tstamp>5E89258D</tstamp>
    </comp>
    <comp ref="C29">
      <value>18p</value>
      <footprint>Capacitor_SMD:C_0402_1005Metric</footprint>
      <datasheet>~</datasheet>
      <libsource lib="Device" part="C_Small" description="Unpolarized capacitor, small symbol"/>
      <sheetpath names="/" tstamps="/"/>
      <tstamp>5E8939A0</tstamp>
    </comp>
    <comp ref="R4">
      <value>10k</value>
      <footprint>Resistor_SMD:R_0402_1005Metric</footprint>
      <datasheet>~</datasheet>
      <libsource lib="Device" part="R_Small" description="Resistor, small symbol"/>
      <sheetpath names="/" tstamps="/"/>
      <tstamp>5E8DCA93</tstamp>
    </comp>
    <comp ref="J2">
      <value>Conn_02x05_Odd_Even</value>
      <footprint>Connector_PinHeader_1.27mm:PinHeader_2x05_P1.27mm_Vertical_SMD</footprint>
      <datasheet>~</datasheet>
      <libsource lib="Connector_Generic" part="Conn_02x05_Odd_Even" description="Generic connector, double row, 02x05, odd/even pin numbering scheme (row 1 odd numbers, row 2 even numbers), script generated (kicad-library-utils/schlib/autogen/connector/)"/>
      <sheetpath names="/" tstamps="/"/>
      <tstamp>5E8E05C1</tstamp>
    </comp>
    <comp ref="C30">
      <value>2.2u</value>
      <footprint>Capacitor_SMD:C_1206_3216Metric</footprint>
      <datasheet>~</datasheet>
      <libsource lib="Device" part="C_Small" description="Unpolarized capacitor, small symbol"/>
      <sheetpath names="/" tstamps="/"/>
      <tstamp>5E873FB9</tstamp>
    </comp>
    <comp ref="C33">
      <value>2.2u</value>
      <footprint>Capacitor_SMD:C_1206_3216Metric</footprint>
      <datasheet>~</datasheet>
      <libsource lib="Device" part="C_Small" description="Unpolarized capacitor, small symbol"/>
      <sheetpath names="/" tstamps="/"/>
      <tstamp>5E8731F8</tstamp>
    </comp>
    <comp ref="C34">
      <value>1u</value>
      <footprint>Capacitor_Tantalum_SMD:CP_EIA-3216-18_Kemet-A</footprint>
      <datasheet>~</datasheet>
      <libsource lib="Device" part="CP1_Small" description="Polarized capacitor, small US symbol"/>
      <sheetpath names="/" tstamps="/"/>
      <tstamp>5E919F86</tstamp>
    </comp>
    <comp ref="C35">
      <value>100n</value>
      <footprint>Capacitor_SMD:C_0402_1005Metric</footprint>
      <datasheet>~</datasheet>
      <libsource lib="Device" part="C_Small" description="Unpolarized capacitor, small symbol"/>
      <sheetpath names="/" tstamps="/"/>
      <tstamp>5E91A636</tstamp>
    </comp>
    <comp ref="R3">
      <value>0</value>
      <footprint>Resistor_SMD:R_0402_1005Metric</footprint>
      <datasheet>~</datasheet>
      <libsource lib="Device" part="R_Small" description="Resistor, small symbol"/>
      <sheetpath names="/" tstamps="/"/>
      <tstamp>5E933DDE</tstamp>
    </comp>
    <comp ref="R5">
      <value>10k</value>
      <footprint>Resistor_SMD:R_0402_1005Metric</footprint>
      <datasheet>~</datasheet>
      <libsource lib="Device" part="R_Small" description="Resistor, small symbol"/>
      <sheetpath names="/" tstamps="/"/>
      <tstamp>5E9409E9</tstamp>
    </comp>
    <comp ref="D3">
      <value>Red LED</value>
      <footprint>LED_SMD:LED_0603_1608Metric</footprint>
      <datasheet>~</datasheet>
      <libsource lib="Device" part="LED_Small" description="Light emitting diode, small symbol"/>
      <sheetpath names="/" tstamps="/"/>
      <tstamp>5E99156B</tstamp>
    </comp>
    <comp ref="C27">
      <value>100n</value>
      <footprint>Capacitor_SMD:C_0402_1005Metric</footprint>
      <datasheet>~</datasheet>
      <libsource lib="Device" part="C_Small" description="Unpolarized capacitor, small symbol"/>
      <sheetpath names="/" tstamps="/"/>
      <tstamp>5E99E697</tstamp>
    </comp>
    <comp ref="R11">
      <value>512</value>
      <footprint>Resistor_SMD:R_0603_1608Metric</footprint>
      <datasheet>~</datasheet>
      <libsource lib="Device" part="R_Small" description="Resistor, small symbol"/>
      <sheetpath names="/" tstamps="/"/>
      <tstamp>5EA43784</tstamp>
    </comp>
    <comp ref="U2">
      <value>STM32F746ZGT6</value>
      <footprint>Package_QFP:LQFP-144_20x20mm_P0.5mm</footprint>
      <datasheet>http://www.st.com/st-web-ui/static/active/en/resource/technical/document/datasheet/DM00166116.pdf</datasheet>
      <libsource lib="MCU_ST_STM32F7" part="STM32F746ZGTx" description="ARM Cortex-M7 MCU, 1024KB flash, 320KB RAM, 216MHz, 1.7-3.6V, 114 GPIO, LQFP-144"/>
      <sheetpath names="/" tstamps="/"/>
      <tstamp>5E80CD0F</tstamp>
    </comp>
    <comp ref="R15">
      <value>10k</value>
      <footprint>Resistor_SMD:R_0402_1005Metric</footprint>
      <datasheet>~</datasheet>
      <libsource lib="Device" part="R_Small_US" description="Resistor, small US symbol"/>
      <sheetpath names="/" tstamps="/"/>
      <tstamp>5EE988EC</tstamp>
    </comp>
    <comp ref="R14">
      <value>10k</value>
      <footprint>Resistor_SMD:R_0402_1005Metric</footprint>
      <datasheet>~</datasheet>
      <libsource lib="Device" part="R_Small_US" description="Resistor, small US symbol"/>
      <sheetpath names="/" tstamps="/"/>
      <tstamp>5EE988F2</tstamp>
    </comp>
    <comp ref="C41">
      <value>100n</value>
      <footprint>Capacitor_SMD:C_0402_1005Metric</footprint>
      <datasheet>~</datasheet>
      <libsource lib="Device" part="C_Small" description="Unpolarized capacitor, small symbol"/>
      <sheetpath names="/" tstamps="/"/>
      <tstamp>5EE988F8</tstamp>
    </comp>
    <comp ref="C40">
      <value>10u</value>
      <footprint>Capacitor_SMD:C_0603_1608Metric</footprint>
      <datasheet>~</datasheet>
      <libsource lib="Device" part="C_Small" description="Unpolarized capacitor, small symbol"/>
      <sheetpath names="/" tstamps="/"/>
      <tstamp>5EE988FE</tstamp>
    </comp>
    <comp ref="C38">
      <value>10u</value>
      <footprint>Capacitor_SMD:C_0603_1608Metric</footprint>
      <datasheet>~</datasheet>
      <libsource lib="Device" part="C_Small" description="Unpolarized capacitor, small symbol"/>
      <sheetpath names="/" tstamps="/"/>
      <tstamp>5EE98904</tstamp>
    </comp>
    <comp ref="C39">
      <value>100n</value>
      <footprint>Capacitor_SMD:C_0603_1608Metric</footprint>
      <datasheet>~</datasheet>
      <libsource lib="Device" part="C_Small" description="Unpolarized capacitor, small symbol"/>
      <sheetpath names="/" tstamps="/"/>
      <tstamp>5EE9890A</tstamp>
    </comp>
    <comp ref="R16">
      <value>4.99k</value>
      <footprint>Resistor_SMD:R_0402_1005Metric</footprint>
      <datasheet>~</datasheet>
      <libsource lib="Device" part="R_Small_US" description="Resistor, small US symbol"/>
      <sheetpath names="/" tstamps="/"/>
      <tstamp>5EE98911</tstamp>
    </comp>
    <comp ref="J6">
      <value>142-0701-851</value>
      <footprint>SamacSys_Parts:142-0701-851</footprint>
      <datasheet>http://www.belfuse.com/resources/Johnson/drawings/dr-1420701851.pdf</datasheet>
      <fields>
        <field name="Allied Price/Stock">https://www.alliedelec.com/johnson-cinch-connectivity-solutions-142-0701-851/70090523/</field>
        <field name="Allied_Number">70090523</field>
        <field name="Description">SMA 50 Ohm End Launch Jack Receptacle - Tab Contact</field>
        <field name="Manufacturer_Name">Cinch</field>
        <field name="Manufacturer_Part_Number">142-0701-851</field>
        <field name="Mouser Part Number">530-142-0701-851</field>
        <field name="Mouser Price/Stock">https://www.mouser.com/Search/Refine.aspx?Keyword=530-142-0701-851</field>
        <field name="RS Part Number">8857532</field>
        <field name="RS Price/Stock">http://uk.rs-online.com/web/p/products/8857532</field>
      </fields>
      <libsource lib="hydrophone_stm32_board-rescue" part="142-0701-851-SamacSys_Parts-stm32_board-rescue" description=""/>
      <sheetpath names="/" tstamps="/"/>
      <tstamp>5EED5A14</tstamp>
    </comp>
    <comp ref="R21">
      <value>418</value>
      <footprint>Resistor_SMD:R_0402_1005Metric</footprint>
      <datasheet>~</datasheet>
      <libsource lib="Device" part="R_Small_US" description="Resistor, small US symbol"/>
      <sheetpath names="/" tstamps="/"/>
      <tstamp>5EED5A26</tstamp>
    </comp>
    <comp ref="R25">
      <value>558</value>
      <footprint>Resistor_SMD:R_0402_1005Metric</footprint>
      <datasheet>~</datasheet>
      <libsource lib="Device" part="R_Small_US" description="Resistor, small US symbol"/>
      <sheetpath names="/" tstamps="/"/>
      <tstamp>5EED5A2C</tstamp>
    </comp>
    <comp ref="R17">
      <value>4.52k</value>
      <footprint>Resistor_SMD:R_0402_1005Metric</footprint>
      <datasheet>~</datasheet>
      <libsource lib="Device" part="R_Small_US" description="Resistor, small US symbol"/>
      <sheetpath names="/" tstamps="/"/>
      <tstamp>5EED5A32</tstamp>
    </comp>
    <comp ref="C46">
      <value>1.3n</value>
      <footprint>Capacitor_SMD:C_0603_1608Metric</footprint>
      <datasheet>~</datasheet>
      <libsource lib="Device" part="C_Small" description="Unpolarized capacitor, small symbol"/>
      <sheetpath names="/" tstamps="/"/>
      <tstamp>5EED5A38</tstamp>
    </comp>
    <comp ref="C42">
      <value>1.3n</value>
      <footprint>Capacitor_SMD:C_0603_1608Metric</footprint>
      <datasheet>~</datasheet>
      <libsource lib="Device" part="C_Small" description="Unpolarized capacitor, small symbol"/>
      <sheetpath names="/" tstamps="/"/>
      <tstamp>5EED5A3E</tstamp>
    </comp>
    <comp ref="U3">
      <value>ADA4807-1</value>
      <footprint>Package_TO_SOT_SMD:SOT-23-6</footprint>
      <datasheet>https://www.analog.com/media/en/technical-documentation/data-sheets/ADA4807-1_4807-2_4807-4.pdf</datasheet>
      <libsource lib="Amplifier_Operational" part="ADA4807-1" description="Single Rail-to-Rail Input/Output Amplifiers, with disable, SC-70-6/SOT-23-6"/>
      <sheetpath names="/" tstamps="/"/>
      <tstamp>5EED5A44</tstamp>
    </comp>
    <comp ref="R22">
      <value>406</value>
      <footprint>Resistor_SMD:R_0402_1005Metric</footprint>
      <datasheet>~</datasheet>
      <libsource lib="Device" part="R_Small_US" description="Resistor, small US symbol"/>
      <sheetpath names="/" tstamps="/"/>
      <tstamp>5EED5A63</tstamp>
    </comp>
    <comp ref="R26">
      <value>541</value>
      <footprint>Resistor_SMD:R_0402_1005Metric</footprint>
      <datasheet>~</datasheet>
      <libsource lib="Device" part="R_Small_US" description="Resistor, small US symbol"/>
      <sheetpath names="/" tstamps="/"/>
      <tstamp>5EED5A69</tstamp>
    </comp>
    <comp ref="R18">
      <value>4.39k</value>
      <footprint>Resistor_SMD:R_0402_1005Metric</footprint>
      <datasheet>~</datasheet>
      <libsource lib="Device" part="R_Small_US" description="Resistor, small US symbol"/>
      <sheetpath names="/" tstamps="/"/>
      <tstamp>5EED5A6F</tstamp>
    </comp>
    <comp ref="C47">
      <value>1.1n</value>
      <footprint>Capacitor_SMD:C_0603_1608Metric</footprint>
      <datasheet>~</datasheet>
      <libsource lib="Device" part="C_Small" description="Unpolarized capacitor, small symbol"/>
      <sheetpath names="/" tstamps="/"/>
      <tstamp>5EED5A75</tstamp>
    </comp>
    <comp ref="C43">
      <value>1.1n</value>
      <footprint>Capacitor_SMD:C_0603_1608Metric</footprint>
      <datasheet>~</datasheet>
      <libsource lib="Device" part="C_Small" description="Unpolarized capacitor, small symbol"/>
      <sheetpath names="/" tstamps="/"/>
      <tstamp>5EED5A7B</tstamp>
    </comp>
    <comp ref="U4">
      <value>ADA4807-1</value>
      <footprint>Package_TO_SOT_SMD:SOT-23-6</footprint>
      <datasheet>https://www.analog.com/media/en/technical-documentation/data-sheets/ADA4807-1_4807-2_4807-4.pdf</datasheet>
      <libsource lib="Amplifier_Operational" part="ADA4807-1" description="Single Rail-to-Rail Input/Output Amplifiers, with disable, SC-70-6/SOT-23-6"/>
      <sheetpath names="/" tstamps="/"/>
      <tstamp>5EED5A81</tstamp>
    </comp>
    <comp ref="R23">
      <value>1.02k</value>
      <footprint>Resistor_SMD:R_0402_1005Metric</footprint>
      <datasheet>~</datasheet>
      <libsource lib="Device" part="R_Small_US" description="Resistor, small US symbol"/>
      <sheetpath names="/" tstamps="/"/>
      <tstamp>5EED5A9F</tstamp>
    </comp>
    <comp ref="R27">
      <value>106</value>
      <footprint>Resistor_SMD:R_0402_1005Metric</footprint>
      <datasheet>~</datasheet>
      <libsource lib="Device" part="R_Small_US" description="Resistor, small US symbol"/>
      <sheetpath names="/" tstamps="/"/>
      <tstamp>5EED5AA5</tstamp>
    </comp>
    <comp ref="R19">
      <value>11k</value>
      <footprint>Resistor_SMD:R_0402_1005Metric</footprint>
      <datasheet>~</datasheet>
      <libsource lib="Device" part="R_Small_US" description="Resistor, small US symbol"/>
      <sheetpath names="/" tstamps="/"/>
      <tstamp>5EED5AAB</tstamp>
    </comp>
    <comp ref="C48">
      <value>1.5n</value>
      <footprint>Capacitor_SMD:C_0603_1608Metric</footprint>
      <datasheet>~</datasheet>
      <libsource lib="Device" part="C_Small" description="Unpolarized capacitor, small symbol"/>
      <sheetpath names="/" tstamps="/"/>
      <tstamp>5EED5AB1</tstamp>
    </comp>
    <comp ref="C44">
      <value>1.5n</value>
      <footprint>Capacitor_SMD:C_0603_1608Metric</footprint>
      <datasheet>~</datasheet>
      <libsource lib="Device" part="C_Small" description="Unpolarized capacitor, small symbol"/>
      <sheetpath names="/" tstamps="/"/>
      <tstamp>5EED5AB7</tstamp>
    </comp>
    <comp ref="U5">
      <value>ADA4807-1</value>
      <footprint>Package_TO_SOT_SMD:SOT-23-6</footprint>
      <datasheet>https://www.analog.com/media/en/technical-documentation/data-sheets/ADA4807-1_4807-2_4807-4.pdf</datasheet>
      <libsource lib="Amplifier_Operational" part="ADA4807-1" description="Single Rail-to-Rail Input/Output Amplifiers, with disable, SC-70-6/SOT-23-6"/>
      <sheetpath names="/" tstamps="/"/>
      <tstamp>5EED5ABD</tstamp>
    </comp>
    <comp ref="R24">
      <value>966</value>
      <footprint>Resistor_SMD:R_0402_1005Metric</footprint>
      <datasheet>~</datasheet>
      <libsource lib="Device" part="R_Small_US" description="Resistor, small US symbol"/>
      <sheetpath names="/" tstamps="/"/>
      <tstamp>5EED5ADE</tstamp>
    </comp>
    <comp ref="R28">
      <value>100</value>
      <footprint>Resistor_SMD:R_0402_1005Metric</footprint>
      <datasheet>~</datasheet>
      <libsource lib="Device" part="R_Small_US" description="Resistor, small US symbol"/>
      <sheetpath names="/" tstamps="/"/>
      <tstamp>5EED5AE4</tstamp>
    </comp>
    <comp ref="R20">
      <value>10.4k</value>
      <footprint>Resistor_SMD:R_0402_1005Metric</footprint>
      <datasheet>~</datasheet>
      <libsource lib="Device" part="R_Small_US" description="Resistor, small US symbol"/>
      <sheetpath names="/" tstamps="/"/>
      <tstamp>5EED5AEA</tstamp>
    </comp>
    <comp ref="C49">
      <value>1n</value>
      <footprint>Capacitor_SMD:C_0603_1608Metric</footprint>
      <datasheet>~</datasheet>
      <libsource lib="Device" part="C_Small" description="Unpolarized capacitor, small symbol"/>
      <sheetpath names="/" tstamps="/"/>
      <tstamp>5EED5AF0</tstamp>
    </comp>
    <comp ref="C45">
      <value>1n</value>
      <footprint>Capacitor_SMD:C_0603_1608Metric</footprint>
      <datasheet>~</datasheet>
      <libsource lib="Device" part="C_Small" description="Unpolarized capacitor, small symbol"/>
      <sheetpath names="/" tstamps="/"/>
      <tstamp>5EED5AF6</tstamp>
    </comp>
    <comp ref="U6">
      <value>ADA4807-1</value>
      <footprint>Package_TO_SOT_SMD:SOT-23-6</footprint>
      <datasheet>https://www.analog.com/media/en/technical-documentation/data-sheets/ADA4807-1_4807-2_4807-4.pdf</datasheet>
      <libsource lib="Amplifier_Operational" part="ADA4807-1" description="Single Rail-to-Rail Input/Output Amplifiers, with disable, SC-70-6/SOT-23-6"/>
      <sheetpath names="/" tstamps="/"/>
      <tstamp>5EED5AFC</tstamp>
    </comp>
    <comp ref="J7">
      <value>Conn_01x02_Female</value>
      <footprint>Connector_PinHeader_2.54mm:PinHeader_1x02_P2.54mm_Vertical</footprint>
      <datasheet>~</datasheet>
      <libsource lib="Connector" part="Conn_01x02_Female" description="Generic connector, single row, 01x02, script generated (kicad-library-utils/schlib/autogen/connector/)"/>
      <sheetpath names="/" tstamps="/"/>
      <tstamp>5EED5B22</tstamp>
    </comp>
    <comp ref="J5">
      <value>PJS008-2003-1</value>
      <footprint>SamacSys_Parts:PJS00820031</footprint>
      <datasheet>https://www.mouser.com/datasheet/2/448/yamaichi_electronics_yeui-s-a0004672260-1-1694640.pdf</datasheet>
      <fields>
        <field name="Description">micro SD push/push reversed type,  with positionin</field>
        <field name="Height">1.85</field>
        <field name="Manufacturer_Name">Yamaichi</field>
        <field name="Manufacturer_Part_Number">PJS008-2003-1</field>
        <field name="Mouser Part Number">945-PJS008-2003-1</field>
        <field name="Mouser Price/Stock">https://www.mouser.com/Search/Refine.aspx?Keyword=945-PJS008-2003-1</field>
      </fields>
      <libsource lib="hydrophone_stm32_board-rescue" part="PJS008-2003-1-SamacSys_Parts-stm32_board-rescue" description=""/>
      <sheetpath names="/" tstamps="/"/>
      <tstamp>5EF0D79F</tstamp>
    </comp>
    <comp ref="R13">
      <value>0</value>
      <footprint>Resistor_SMD:R_0402_1005Metric</footprint>
      <datasheet>~</datasheet>
      <libsource lib="Device" part="R_Small_US" description="Resistor, small US symbol"/>
      <sheetpath names="/" tstamps="/"/>
      <tstamp>5EF0D7A6</tstamp>
    </comp>
    <comp ref="R12">
      <value>NA</value>
      <footprint>Resistor_SMD:R_0402_1005Metric</footprint>
      <datasheet>~</datasheet>
      <libsource lib="Device" part="R_Small_US" description="Resistor, small US symbol"/>
      <sheetpath names="/" tstamps="/"/>
      <tstamp>5EF0D7AF</tstamp>
    </comp>
    <comp ref="R6">
      <value>47k</value>
      <footprint>Resistor_SMD:R_0402_1005Metric</footprint>
      <datasheet>~</datasheet>
      <libsource lib="Device" part="R_Small_US" description="Resistor, small US symbol"/>
      <sheetpath names="/" tstamps="/"/>
      <tstamp>5EF0D7C3</tstamp>
    </comp>
    <comp ref="R7">
      <value>47k</value>
      <footprint>Resistor_SMD:R_0402_1005Metric</footprint>
      <datasheet>~</datasheet>
      <libsource lib="Device" part="R_Small_US" description="Resistor, small US symbol"/>
      <sheetpath names="/" tstamps="/"/>
      <tstamp>5EF0D7C9</tstamp>
    </comp>
    <comp ref="R8">
      <value>47k</value>
      <footprint>Resistor_SMD:R_0402_1005Metric</footprint>
      <datasheet>~</datasheet>
      <libsource lib="Device" part="R_Small_US" description="Resistor, small US symbol"/>
      <sheetpath names="/" tstamps="/"/>
      <tstamp>5EF0D7CF</tstamp>
    </comp>
    <comp ref="R9">
      <value>47k</value>
      <footprint>Resistor_SMD:R_0402_1005Metric</footprint>
      <datasheet>~</datasheet>
      <libsource lib="Device" part="R_Small_US" description="Resistor, small US symbol"/>
      <sheetpath names="/" tstamps="/"/>
      <tstamp>5EF0D7D5</tstamp>
    </comp>
    <comp ref="R10">
      <value>47k</value>
      <footprint>Resistor_SMD:R_0402_1005Metric</footprint>
      <datasheet>~</datasheet>
      <libsource lib="Device" part="R_Small_US" description="Resistor, small US symbol"/>
      <sheetpath names="/" tstamps="/"/>
      <tstamp>5EF0D7DB</tstamp>
    </comp>
    <comp ref="IC1">
      <value>AD8031ARZ</value>
      <footprint>SamacSys_Parts:SOIC127P600X175-8N</footprint>
      <datasheet>http://componentsearchengine.com/Datasheets/1/AD8031ARZ.pdf</datasheet>
      <fields>
        <field name="Description">Analog Devices AD8031ARZ Op Amp Rail-Rail, 5 V, 8-Pin SOIC</field>
        <field name="Height">1.75</field>
        <field name="Manufacturer_Name">Analog Devices</field>
        <field name="Manufacturer_Part_Number">AD8031ARZ</field>
        <field name="Mouser Part Number">584-AD8031ARZ</field>
        <field name="Mouser Price/Stock">https://www.mouser.com/Search/Refine.aspx?Keyword=584-AD8031ARZ</field>
        <field name="RS Part Number">0412658P</field>
        <field name="RS Price/Stock">http://uk.rs-online.com/web/p/products/0412658P</field>
      </fields>
      <libsource lib="hydrophone_stm32_board-rescue" part="AD8031ARZ-SamacSys_Parts" description=""/>
      <sheetpath names="/" tstamps="/"/>
      <tstamp>5EF7E7FF</tstamp>
    </comp>
    <comp ref="R1">
      <value>2k2</value>
      <footprint>Resistor_SMD:R_0603_1608Metric</footprint>
      <datasheet>~</datasheet>
      <libsource lib="Device" part="R_Small" description="Resistor, small symbol"/>
      <sheetpath names="/" tstamps="/"/>
      <tstamp>5EA5F257</tstamp>
    </comp>
    <comp ref="D1">
      <value>Green LED</value>
      <footprint>LED_SMD:LED_0603_1608Metric</footprint>
      <datasheet>~</datasheet>
      <libsource lib="Device" part="LED_Small" description="Light emitting diode, small symbol"/>
      <sheetpath names="/" tstamps="/"/>
      <tstamp>5EA52530</tstamp>
    </comp>
    <comp ref="J4">
      <value>Conn_01x03</value>
      <footprint>Connector_PinHeader_2.54mm:PinHeader_1x03_P2.54mm_Vertical</footprint>
      <datasheet>~</datasheet>
      <libsource lib="Connector_Generic" part="Conn_01x03" description="Generic connector, single row, 01x03, script generated (kicad-library-utils/schlib/autogen/connector/)"/>
      <sheetpath names="/" tstamps="/"/>
      <tstamp>5F3CDA19</tstamp>
    </comp>
    <comp ref="J1">
      <value>Conn_01x02</value>
      <footprint>Connector_PinHeader_2.54mm:PinHeader_1x02_P2.54mm_Vertical</footprint>
      <datasheet>~</datasheet>
      <libsource lib="Connector_Generic" part="Conn_01x02" description="Generic connector, single row, 01x02, script generated (kicad-library-utils/schlib/autogen/connector/)"/>
      <sheetpath names="/" tstamps="/"/>
      <tstamp>5FACC8C6</tstamp>
    </comp>
    <comp ref="J3">
      <value>Conn_01x02</value>
      <footprint>Connector_PinHeader_2.54mm:PinHeader_1x02_P2.54mm_Vertical</footprint>
      <datasheet>~</datasheet>
      <libsource lib="Connector_Generic" part="Conn_01x02" description="Generic connector, single row, 01x02, script generated (kicad-library-utils/schlib/autogen/connector/)"/>
      <sheetpath names="/" tstamps="/"/>
      <tstamp>5FACE0EF</tstamp>
    </comp>
    <comp ref="H1">
      <value>MountingHole_Pad</value>
      <footprint>MountingHole:MountingHole_3.2mm_M3_Pad_Via</footprint>
      <datasheet>~</datasheet>
      <libsource lib="Mechanical" part="MountingHole_Pad" description="Mounting Hole with connection"/>
      <sheetpath names="/" tstamps="/"/>
      <tstamp>5FC5CB34</tstamp>
    </comp>
    <comp ref="H2">
      <value>MountingHole_Pad</value>
      <footprint>MountingHole:MountingHole_3.2mm_M3_Pad_Via</footprint>
      <datasheet>~</datasheet>
      <libsource lib="Mechanical" part="MountingHole_Pad" description="Mounting Hole with connection"/>
      <sheetpath names="/" tstamps="/"/>
      <tstamp>5FC5E91C</tstamp>
    </comp>
    <comp ref="H3">
      <value>MountingHole_Pad</value>
      <footprint>MountingHole:MountingHole_3.2mm_M3_Pad_Via</footprint>
      <datasheet>~</datasheet>
      <libsource lib="Mechanical" part="MountingHole_Pad" description="Mounting Hole with connection"/>
      <sheetpath names="/" tstamps="/"/>
      <tstamp>5FC5EA6C</tstamp>
    </comp>
    <comp ref="H4">
      <value>MountingHole_Pad</value>
      <footprint>MountingHole:MountingHole_3.2mm_M3_Pad_Via</footprint>
      <datasheet>~</datasheet>
      <libsource lib="Mechanical" part="MountingHole_Pad" description="Mounting Hole with connection"/>
      <sheetpath names="/" tstamps="/"/>
      <tstamp>5FC5EBEE</tstamp>
    </comp>
    <comp ref="S1">
      <value>TL1105CF160Q</value>
      <footprint>SamacSys_Parts:TL1105CF160Q</footprint>
      <datasheet>https://componentsearchengine.com/Datasheets/1/TL1105CF160Q.pdf</datasheet>
      <fields>
        <field name="Description">Tactile Switches 6X6X8MM 160GF</field>
        <field name="Height">8</field>
        <field name="Manufacturer_Name">E-Switch</field>
        <field name="Manufacturer_Part_Number">TL1105CF160Q</field>
        <field name="Mouser Part Number">612-TL1105C</field>
        <field name="Mouser Price/Stock">https://www.mouser.com/Search/Refine.aspx?Keyword=612-TL1105C</field>
      </fields>
      <libsource lib="hydrophone_stm32_board-rescue" part="TL1105CF160Q-SamacSys_Parts" description=""/>
      <sheetpath names="/" tstamps="/"/>
      <tstamp>5FDB400F</tstamp>
    </comp>
  </components>
  <libparts>
    <libpart lib="Amplifier_Operational" part="ADA4807-1">
      <description>Single Rail-to-Rail Input/Output Amplifiers, with disable, SC-70-6/SOT-23-6</description>
      <docs>https://www.analog.com/media/en/technical-documentation/data-sheets/ADA4807-1_4807-2_4807-4.pdf</docs>
      <footprints>
        <fp>*SC*70*</fp>
        <fp>SOT?23*</fp>
      </footprints>
      <fields>
        <field name="Reference">U</field>
        <field name="Value">ADA4807-1</field>
      </fields>
      <pins>
        <pin num="1" name="~" type="output"/>
        <pin num="2" name="V-" type="power_in"/>
        <pin num="3" name="+" type="input"/>
        <pin num="4" name="-" type="input"/>
        <pin num="5" name="~DISABLE" type="input"/>
        <pin num="6" name="V+" type="power_in"/>
      </pins>
    </libpart>
    <libpart lib="Connector" part="Conn_01x02_Female">
      <description>Generic connector, single row, 01x02, script generated (kicad-library-utils/schlib/autogen/connector/)</description>
      <docs>~</docs>
      <footprints>
        <fp>Connector*:*_1x??_*</fp>
      </footprints>
      <fields>
        <field name="Reference">J</field>
        <field name="Value">Conn_01x02_Female</field>
      </fields>
      <pins>
        <pin num="1" name="Pin_1" type="passive"/>
        <pin num="2" name="Pin_2" type="passive"/>
      </pins>
    </libpart>
    <libpart lib="Connector_Generic" part="Conn_01x02">
      <description>Generic connector, single row, 01x02, script generated (kicad-library-utils/schlib/autogen/connector/)</description>
      <docs>~</docs>
      <footprints>
        <fp>Connector*:*_1x??_*</fp>
      </footprints>
      <fields>
        <field name="Reference">J</field>
        <field name="Value">Conn_01x02</field>
      </fields>
      <pins>
        <pin num="1" name="Pin_1" type="passive"/>
        <pin num="2" name="Pin_2" type="passive"/>
      </pins>
    </libpart>
    <libpart lib="Connector_Generic" part="Conn_01x03">
      <description>Generic connector, single row, 01x03, script generated (kicad-library-utils/schlib/autogen/connector/)</description>
      <docs>~</docs>
      <footprints>
        <fp>Connector*:*_1x??_*</fp>
      </footprints>
      <fields>
        <field name="Reference">J</field>
        <field name="Value">Conn_01x03</field>
      </fields>
      <pins>
        <pin num="1" name="Pin_1" type="passive"/>
        <pin num="2" name="Pin_2" type="passive"/>
        <pin num="3" name="Pin_3" type="passive"/>
      </pins>
    </libpart>
    <libpart lib="Connector_Generic" part="Conn_02x05_Odd_Even">
      <description>Generic connector, double row, 02x05, odd/even pin numbering scheme (row 1 odd numbers, row 2 even numbers), script generated (kicad-library-utils/schlib/autogen/connector/)</description>
      <docs>~</docs>
      <footprints>
        <fp>Connector*:*_2x??_*</fp>
      </footprints>
      <fields>
        <field name="Reference">J</field>
        <field name="Value">Conn_02x05_Odd_Even</field>
      </fields>
      <pins>
        <pin num="1" name="Pin_1" type="passive"/>
        <pin num="2" name="Pin_2" type="passive"/>
        <pin num="3" name="Pin_3" type="passive"/>
        <pin num="4" name="Pin_4" type="passive"/>
        <pin num="5" name="Pin_5" type="passive"/>
        <pin num="6" name="Pin_6" type="passive"/>
        <pin num="7" name="Pin_7" type="passive"/>
        <pin num="8" name="Pin_8" type="passive"/>
        <pin num="9" name="Pin_9" type="passive"/>
        <pin num="10" name="Pin_10" type="passive"/>
      </pins>
    </libpart>
    <libpart lib="Device" part="CP1_Small">
      <description>Polarized capacitor, small US symbol</description>
      <docs>~</docs>
      <footprints>
        <fp>CP_*</fp>
      </footprints>
      <fields>
        <field name="Reference">C</field>
        <field name="Value">CP1_Small</field>
      </fields>
      <pins>
        <pin num="1" name="~" type="passive"/>
        <pin num="2" name="~" type="passive"/>
      </pins>
    </libpart>
    <libpart lib="Device" part="C_Small">
      <description>Unpolarized capacitor, small symbol</description>
      <docs>~</docs>
      <footprints>
        <fp>C_*</fp>
      </footprints>
      <fields>
        <field name="Reference">C</field>
        <field name="Value">C_Small</field>
      </fields>
      <pins>
        <pin num="1" name="~" type="passive"/>
        <pin num="2" name="~" type="passive"/>
      </pins>
    </libpart>
    <libpart lib="Device" part="Crystal_GND24_Small">
      <description>Four pin crystal, GND on pins 2 and 4, small symbol</description>
      <docs>~</docs>
      <footprints>
        <fp>Crystal*</fp>
      </footprints>
      <fields>
        <field name="Reference">Y</field>
        <field name="Value">Crystal_GND24_Small</field>
      </fields>
      <pins>
        <pin num="1" name="1" type="passive"/>
        <pin num="2" name="2" type="passive"/>
        <pin num="3" name="3" type="passive"/>
        <pin num="4" name="4" type="passive"/>
      </pins>
    </libpart>
    <libpart lib="Device" part="D_Schottky_Small">
      <description>Schottky diode, small symbol</description>
      <docs>~</docs>
      <footprints>
        <fp>TO-???*</fp>
        <fp>*_Diode_*</fp>
        <fp>*SingleDiode*</fp>
        <fp>D_*</fp>
      </footprints>
      <fields>
        <field name="Reference">D</field>
        <field name="Value">D_Schottky_Small</field>
      </fields>
      <pins>
        <pin num="1" name="K" type="passive"/>
        <pin num="2" name="A" type="passive"/>
      </pins>
    </libpart>
    <libpart lib="Device" part="Ferrite_Bead_Small">
      <description>Ferrite bead, small symbol</description>
      <docs>~</docs>
      <footprints>
        <fp>Inductor_*</fp>
        <fp>L_*</fp>
        <fp>*Ferrite*</fp>
      </footprints>
      <fields>
        <field name="Reference">FB</field>
        <field name="Value">Ferrite_Bead_Small</field>
      </fields>
      <pins>
        <pin num="1" name="~" type="passive"/>
        <pin num="2" name="~" type="passive"/>
      </pins>
    </libpart>
    <libpart lib="Device" part="Fuse_Small">
      <description>Fuse, small symbol</description>
      <docs>~</docs>
      <footprints>
        <fp>SM*</fp>
      </footprints>
      <fields>
        <field name="Reference">F</field>
        <field name="Value">Fuse_Small</field>
      </fields>
      <pins>
        <pin num="1" name="~" type="passive"/>
        <pin num="2" name="~" type="passive"/>
      </pins>
    </libpart>
    <libpart lib="Device" part="LED_Small">
      <description>Light emitting diode, small symbol</description>
      <docs>~</docs>
      <footprints>
        <fp>LED*</fp>
        <fp>LED_SMD:*</fp>
        <fp>LED_THT:*</fp>
      </footprints>
      <fields>
        <field name="Reference">D</field>
        <field name="Value">LED_Small</field>
      </fields>
      <pins>
        <pin num="1" name="K" type="passive"/>
        <pin num="2" name="A" type="passive"/>
      </pins>
    </libpart>
    <libpart lib="Device" part="R_Small">
      <description>Resistor, small symbol</description>
      <docs>~</docs>
      <footprints>
        <fp>R_*</fp>
      </footprints>
      <fields>
        <field name="Reference">R</field>
        <field name="Value">R_Small</field>
      </fields>
      <pins>
        <pin num="1" name="~" type="passive"/>
        <pin num="2" name="~" type="passive"/>
      </pins>
    </libpart>
    <libpart lib="Device" part="R_Small_US">
      <description>Resistor, small US symbol</description>
      <docs>~</docs>
      <footprints>
        <fp>R_*</fp>
      </footprints>
      <fields>
        <field name="Reference">R</field>
        <field name="Value">R_Small_US</field>
      </fields>
      <pins>
        <pin num="1" name="~" type="passive"/>
        <pin num="2" name="~" type="passive"/>
      </pins>
    </libpart>
    <libpart lib="MCU_ST_STM32F7" part="STM32F746ZGTx">
      <description>ARM Cortex-M7 MCU, 1024KB flash, 320KB RAM, 216MHz, 1.7-3.6V, 114 GPIO, LQFP-144</description>
      <docs>http://www.st.com/st-web-ui/static/active/en/resource/technical/document/datasheet/DM00166116.pdf</docs>
      <footprints>
        <fp>LQFP*20x20mm*P0.5mm*</fp>
      </footprints>
      <fields>
        <field name="Reference">U</field>
        <field name="Value">STM32F746ZGTx</field>
        <field name="Footprint">Package_QFP:LQFP-144_20x20mm_P0.5mm</field>
      </fields>
      <pins>
        <pin num="1" name="PE2" type="BiDi"/>
        <pin num="2" name="PE3" type="BiDi"/>
        <pin num="3" name="PE4" type="BiDi"/>
        <pin num="4" name="PE5" type="BiDi"/>
        <pin num="5" name="PE6" type="BiDi"/>
        <pin num="6" name="VBAT" type="power_in"/>
        <pin num="7" name="PC13" type="BiDi"/>
        <pin num="8" name="PC14" type="BiDi"/>
        <pin num="9" name="PC15" type="BiDi"/>
        <pin num="10" name="PF0" type="BiDi"/>
        <pin num="11" name="PF1" type="BiDi"/>
        <pin num="12" name="PF2" type="BiDi"/>
        <pin num="13" name="PF3" type="BiDi"/>
        <pin num="14" name="PF4" type="BiDi"/>
        <pin num="15" name="PF5" type="BiDi"/>
        <pin num="16" name="VSS" type="power_in"/>
        <pin num="17" name="VDD" type="power_in"/>
        <pin num="18" name="PF6" type="BiDi"/>
        <pin num="19" name="PF7" type="BiDi"/>
        <pin num="20" name="PF8" type="BiDi"/>
        <pin num="21" name="PF9" type="BiDi"/>
        <pin num="22" name="PF10" type="BiDi"/>
        <pin num="23" name="PH0" type="input"/>
        <pin num="24" name="PH1" type="input"/>
        <pin num="25" name="NRST" type="input"/>
        <pin num="26" name="PC0" type="BiDi"/>
        <pin num="27" name="PC1" type="BiDi"/>
        <pin num="28" name="PC2" type="BiDi"/>
        <pin num="29" name="PC3" type="BiDi"/>
        <pin num="30" name="VDD" type="power_in"/>
        <pin num="31" name="VSSA" type="power_in"/>
        <pin num="32" name="VREF+" type="power_in"/>
        <pin num="33" name="VDDA" type="power_in"/>
        <pin num="34" name="PA0" type="BiDi"/>
        <pin num="35" name="PA1" type="BiDi"/>
        <pin num="36" name="PA2" type="BiDi"/>
        <pin num="37" name="PA3" type="BiDi"/>
        <pin num="38" name="VSS" type="power_in"/>
        <pin num="39" name="VDD" type="power_in"/>
        <pin num="40" name="PA4" type="BiDi"/>
        <pin num="41" name="PA5" type="BiDi"/>
        <pin num="42" name="PA6" type="BiDi"/>
        <pin num="43" name="PA7" type="BiDi"/>
        <pin num="44" name="PC4" type="BiDi"/>
        <pin num="45" name="PC5" type="BiDi"/>
        <pin num="46" name="PB0" type="BiDi"/>
        <pin num="47" name="PB1" type="BiDi"/>
        <pin num="48" name="PB2" type="BiDi"/>
        <pin num="49" name="PF11" type="BiDi"/>
        <pin num="50" name="PF12" type="BiDi"/>
        <pin num="51" name="VSS" type="power_in"/>
        <pin num="52" name="VDD" type="power_in"/>
        <pin num="53" name="PF13" type="BiDi"/>
        <pin num="54" name="PF14" type="BiDi"/>
        <pin num="55" name="PF15" type="BiDi"/>
        <pin num="56" name="PG0" type="BiDi"/>
        <pin num="57" name="PG1" type="BiDi"/>
        <pin num="58" name="PE7" type="BiDi"/>
        <pin num="59" name="PE8" type="BiDi"/>
        <pin num="60" name="PE9" type="BiDi"/>
        <pin num="61" name="VSS" type="power_in"/>
        <pin num="62" name="VDD" type="power_in"/>
        <pin num="63" name="PE10" type="BiDi"/>
        <pin num="64" name="PE11" type="BiDi"/>
        <pin num="65" name="PE12" type="BiDi"/>
        <pin num="66" name="PE13" type="BiDi"/>
        <pin num="67" name="PE14" type="BiDi"/>
        <pin num="68" name="PE15" type="BiDi"/>
        <pin num="69" name="PB10" type="BiDi"/>
        <pin num="70" name="PB11" type="BiDi"/>
        <pin num="71" name="VCAP_1" type="power_in"/>
        <pin num="72" name="VDD" type="power_in"/>
        <pin num="73" name="PB12" type="BiDi"/>
        <pin num="74" name="PB13" type="BiDi"/>
        <pin num="75" name="PB14" type="BiDi"/>
        <pin num="76" name="PB15" type="BiDi"/>
        <pin num="77" name="PD8" type="BiDi"/>
        <pin num="78" name="PD9" type="BiDi"/>
        <pin num="79" name="PD10" type="BiDi"/>
        <pin num="80" name="PD11" type="BiDi"/>
        <pin num="81" name="PD12" type="BiDi"/>
        <pin num="82" name="PD13" type="BiDi"/>
        <pin num="83" name="VSS" type="power_in"/>
        <pin num="84" name="VDD" type="power_in"/>
        <pin num="85" name="PD14" type="BiDi"/>
        <pin num="86" name="PD15" type="BiDi"/>
        <pin num="87" name="PG2" type="BiDi"/>
        <pin num="88" name="PG3" type="BiDi"/>
        <pin num="89" name="PG4" type="BiDi"/>
        <pin num="90" name="PG5" type="BiDi"/>
        <pin num="91" name="PG6" type="BiDi"/>
        <pin num="92" name="PG7" type="BiDi"/>
        <pin num="93" name="PG8" type="BiDi"/>
        <pin num="94" name="VSS" type="power_in"/>
        <pin num="95" name="VDDUSB" type="power_in"/>
        <pin num="96" name="PC6" type="BiDi"/>
        <pin num="97" name="PC7" type="BiDi"/>
        <pin num="98" name="PC8" type="BiDi"/>
        <pin num="99" name="PC9" type="BiDi"/>
        <pin num="100" name="PA8" type="BiDi"/>
        <pin num="101" name="PA9" type="BiDi"/>
        <pin num="102" name="PA10" type="BiDi"/>
        <pin num="103" name="PA11" type="BiDi"/>
        <pin num="104" name="PA12" type="BiDi"/>
        <pin num="105" name="PA13" type="BiDi"/>
        <pin num="106" name="VCAP_2" type="power_in"/>
        <pin num="107" name="VSS" type="power_in"/>
        <pin num="108" name="VDD" type="power_in"/>
        <pin num="109" name="PA14" type="BiDi"/>
        <pin num="110" name="PA15" type="BiDi"/>
        <pin num="111" name="PC10" type="BiDi"/>
        <pin num="112" name="PC11" type="BiDi"/>
        <pin num="113" name="PC12" type="BiDi"/>
        <pin num="114" name="PD0" type="BiDi"/>
        <pin num="115" name="PD1" type="BiDi"/>
        <pin num="116" name="PD2" type="BiDi"/>
        <pin num="117" name="PD3" type="BiDi"/>
        <pin num="118" name="PD4" type="BiDi"/>
        <pin num="119" name="PD5" type="BiDi"/>
        <pin num="120" name="VSS" type="power_in"/>
        <pin num="121" name="VDD" type="power_in"/>
        <pin num="122" name="PD6" type="BiDi"/>
        <pin num="123" name="PD7" type="BiDi"/>
        <pin num="124" name="PG9" type="BiDi"/>
        <pin num="125" name="PG10" type="BiDi"/>
        <pin num="126" name="PG11" type="BiDi"/>
        <pin num="127" name="PG12" type="BiDi"/>
        <pin num="128" name="PG13" type="BiDi"/>
        <pin num="129" name="PG14" type="BiDi"/>
        <pin num="130" name="VSS" type="power_in"/>
        <pin num="131" name="VDD" type="power_in"/>
        <pin num="132" name="PG15" type="BiDi"/>
        <pin num="133" name="PB3" type="BiDi"/>
        <pin num="134" name="PB4" type="BiDi"/>
        <pin num="135" name="PB5" type="BiDi"/>
        <pin num="136" name="PB6" type="BiDi"/>
        <pin num="137" name="PB7" type="BiDi"/>
        <pin num="138" name="BOOT0" type="input"/>
        <pin num="139" name="PB8" type="BiDi"/>
        <pin num="140" name="PB9" type="BiDi"/>
        <pin num="141" name="PE0" type="BiDi"/>
        <pin num="142" name="PE1" type="BiDi"/>
        <pin num="143" name="PDR_ON" type="input"/>
        <pin num="144" name="VDD" type="power_in"/>
      </pins>
    </libpart>
    <libpart lib="Mechanical" part="MountingHole_Pad">
      <description>Mounting Hole with connection</description>
      <docs>~</docs>
      <footprints>
        <fp>MountingHole*Pad*</fp>
      </footprints>
      <fields>
        <field name="Reference">H</field>
        <field name="Value">MountingHole_Pad</field>
      </fields>
      <pins>
        <pin num="1" name="1" type="input"/>
      </pins>
    </libpart>
    <libpart lib="Regulator_Linear" part="AP1117-15">
      <aliases>
        <alias>AP1117-18</alias>
        <alias>AP1117-25</alias>
        <alias>AP1117-33</alias>
        <alias>AP1117-50</alias>
        <alias>LD1117S33TR_SOT223</alias>
        <alias>LD1117S12TR_SOT223</alias>
        <alias>LD1117S18TR_SOT223</alias>
        <alias>LD1117S25TR_SOT223</alias>
        <alias>LD1117S50TR_SOT223</alias>
        <alias>NCP1117-12_SOT223</alias>
        <alias>NCP1117-1.5_SOT223</alias>
        <alias>NCP1117-1.8_SOT223</alias>
        <alias>NCP1117-2.0_SOT223</alias>
        <alias>NCP1117-2.5_SOT223</alias>
        <alias>NCP1117-2.85_SOT223</alias>
        <alias>NCP1117-3.3_SOT223</alias>
        <alias>NCP1117-5.0_SOT223</alias>
        <alias>AMS1117-1.5</alias>
        <alias>AMS1117-1.8</alias>
        <alias>AMS1117-2.5</alias>
        <alias>AMS1117-2.85</alias>
        <alias>AMS1117-3.3</alias>
        <alias>AMS1117-5.0</alias>
      </aliases>
      <description>1A Low Dropout regulator, positive, 1.5V fixed output, SOT-223</description>
      <docs>http://www.diodes.com/datasheets/AP1117.pdf</docs>
      <footprints>
        <fp>SOT?223*TabPin2*</fp>
      </footprints>
      <fields>
        <field name="Reference">U</field>
        <field name="Value">AP1117-15</field>
        <field name="Footprint">Package_TO_SOT_SMD:SOT-223-3_TabPin2</field>
      </fields>
      <pins>
        <pin num="1" name="GND" type="power_in"/>
        <pin num="2" name="VO" type="power_out"/>
        <pin num="3" name="VI" type="power_in"/>
      </pins>
    </libpart>
    <libpart lib="hydrophone_stm32_board-rescue" part="142-0701-851-SamacSys_Parts-stm32_board-rescue">
      <fields>
        <field name="Reference">J</field>
        <field name="Value">142-0701-851-SamacSys_Parts-stm32_board-rescue</field>
        <field name="Footprint">142-0701-851</field>
        <field name="Datasheet">http://www.belfuse.com/resources/Johnson/drawings/dr-1420701851.pdf</field>
        <field name="Description">SMA 50 Ohm End Launch Jack Receptacle - Tab Contact</field>
        <field name="Manufacturer_Name">Cinch</field>
        <field name="Manufacturer_Part_Number">142-0701-851</field>
        <field name="Mouser Part Number">530-142-0701-851</field>
        <field name="Mouser Price/Stock">https://www.mouser.com/Search/Refine.aspx?Keyword=530-142-0701-851</field>
        <field name="RS Part Number">8857532</field>
        <field name="RS Price/Stock">http://uk.rs-online.com/web/p/products/8857532</field>
        <field name="Allied_Number">70090523</field>
        <field name="Allied Price/Stock">https://www.alliedelec.com/johnson-cinch-connectivity-solutions-142-0701-851/70090523/</field>
      </fields>
      <pins>
        <pin num="1" name="1" type="power_in"/>
        <pin num="2" name="2" type="input"/>
        <pin num="3" name="3" type="power_in"/>
      </pins>
    </libpart>
    <libpart lib="hydrophone_stm32_board-rescue" part="AD8031ARZ-SamacSys_Parts">
      <fields>
        <field name="Reference">IC</field>
        <field name="Value">AD8031ARZ-SamacSys_Parts</field>
        <field name="Footprint">SOIC127P600X175-8N</field>
        <field name="Datasheet">http://componentsearchengine.com/Datasheets/1/AD8031ARZ.pdf</field>
        <field name="Description">Analog Devices AD8031ARZ Op Amp Rail-Rail, 5 V, 8-Pin SOIC</field>
        <field name="Height">1.75</field>
        <field name="Manufacturer_Name">Analog Devices</field>
        <field name="Manufacturer_Part_Number">AD8031ARZ</field>
        <field name="Mouser Part Number">584-AD8031ARZ</field>
        <field name="Mouser Price/Stock">https://www.mouser.com/Search/Refine.aspx?Keyword=584-AD8031ARZ</field>
        <field name="RS Part Number">0412658P</field>
        <field name="RS Price/Stock">http://uk.rs-online.com/web/p/products/0412658P</field>
      </fields>
      <pins>
        <pin num="1" name="NC_1" type="unspc"/>
        <pin num="2" name="-IN" type="unspc"/>
        <pin num="3" name="+IN" type="unspc"/>
        <pin num="4" name="-VS" type="unspc"/>
        <pin num="5" name="NC_2" type="unspc"/>
        <pin num="6" name="OUT" type="unspc"/>
        <pin num="7" name="+VS" type="unspc"/>
        <pin num="8" name="NC_3" type="unspc"/>
      </pins>
    </libpart>
    <libpart lib="hydrophone_stm32_board-rescue" part="PJS008-2003-1-SamacSys_Parts-stm32_board-rescue">
      <fields>
        <field name="Reference">J</field>
        <field name="Value">PJS008-2003-1-SamacSys_Parts-stm32_board-rescue</field>
        <field name="Footprint">PJS00820031</field>
        <field name="Datasheet">https://www.mouser.com/datasheet/2/448/yamaichi_electronics_yeui-s-a0004672260-1-1694640.pdf</field>
        <field name="Description">micro SD push/push reversed type,  with positionin</field>
        <field name="Height">1.85</field>
        <field name="Manufacturer_Name">Yamaichi</field>
        <field name="Manufacturer_Part_Number">PJS008-2003-1</field>
        <field name="Mouser Part Number">945-PJS008-2003-1</field>
        <field name="Mouser Price/Stock">https://www.mouser.com/Search/Refine.aspx?Keyword=945-PJS008-2003-1</field>
      </fields>
      <pins>
        <pin num="1" name="1" type="BiDi"/>
        <pin num="2" name="2" type="BiDi"/>
        <pin num="3" name="3" type="input"/>
        <pin num="4" name="4" type="power_in"/>
        <pin num="5" name="5" type="input"/>
        <pin num="6" name="6" type="power_in"/>
        <pin num="7" name="7" type="BiDi"/>
        <pin num="8" name="8" type="BiDi"/>
        <pin num="MH1" name="MH1" type="unspc"/>
        <pin num="MH2" name="MH2" type="unspc"/>
        <pin num="SH1" name="SH1" type="passive"/>
        <pin num="SH2" name="SH2" type="passive"/>
        <pin num="SH3" name="SH3" type="passive"/>
        <pin num="SH4" name="SH4" type="passive"/>
        <pin num="SW1" name="SW1" type="passive"/>
        <pin num="SW2" name="SW2" type="passive"/>
      </pins>
    </libpart>
    <libpart lib="hydrophone_stm32_board-rescue" part="TL1105CF160Q-SamacSys_Parts">
      <fields>
        <field name="Reference">S</field>
        <field name="Value">TL1105CF160Q-SamacSys_Parts</field>
        <field name="Footprint">TL1105CF160Q</field>
        <field name="Datasheet">https://componentsearchengine.com/Datasheets/1/TL1105CF160Q.pdf</field>
        <field name="Description">Tactile Switches 6X6X8MM 160GF</field>
        <field name="Height">8</field>
        <field name="Manufacturer_Name">E-Switch</field>
        <field name="Manufacturer_Part_Number">TL1105CF160Q</field>
        <field name="Mouser Part Number">612-TL1105C</field>
        <field name="Mouser Price/Stock">https://www.mouser.com/Search/Refine.aspx?Keyword=612-TL1105C</field>
      </fields>
      <pins>
        <pin num="1" name="1" type="passive"/>
        <pin num="2" name="2" type="passive"/>
        <pin num="3" name="3" type="passive"/>
        <pin num="4" name="4" type="passive"/>
      </pins>
    </libpart>
  </libparts>
  <libraries>
    <library logical="Amplifier_Operational">
      <uri>C:\Program Files\KiCad\share\kicad\library/Amplifier_Operational.lib</uri>
    </library>
    <library logical="Connector">
      <uri>C:\Program Files\KiCad\share\kicad\library/Connector.lib</uri>
    </library>
    <library logical="Connector_Generic">
      <uri>C:\Program Files\KiCad\share\kicad\library/Connector_Generic.lib</uri>
    </library>
    <library logical="Device">
      <uri>C:\Program Files\KiCad\share\kicad\library/Device.lib</uri>
    </library>
    <library logical="MCU_ST_STM32F7">
      <uri>C:\Program Files\KiCad\share\kicad\library/MCU_ST_STM32F7.lib</uri>
    </library>
    <library logical="Mechanical">
      <uri>C:\Program Files\KiCad\share\kicad\library/Mechanical.lib</uri>
    </library>
    <library logical="Regulator_Linear">
      <uri>C:\Program Files\KiCad\share\kicad\library/Regulator_Linear.lib</uri>
    </library>
    <library logical="hydrophone_stm32_board-rescue">
      <uri>C:\Users\Home\OneDrive\Phocoena-DAQ\Hardware\hydrophone_stm32_board/hydrophone_stm32_board-rescue.lib</uri>
    </library>
  </libraries>
  <nets>
    <net code="1" name="Net-(C44-Pad2)">
      <node ref="R23" pin="1"/>
      <node ref="C44" pin="2"/>
      <node ref="C48" pin="2"/>
      <node ref="R27" pin="2"/>
    </net>
    <net code="2" name="Net-(C48-Pad1)">
      <node ref="R19" pin="1"/>
      <node ref="C48" pin="1"/>
      <node ref="U5" pin="4"/>
    </net>
    <net code="3" name="Net-(C43-Pad1)">
      <node ref="U4" pin="1"/>
      <node ref="R18" pin="2"/>
      <node ref="C43" pin="1"/>
      <node ref="R23" pin="2"/>
    </net>
    <net code="4" name="GND">
      <node ref="IC1" pin="4"/>
      <node ref="R1" pin="2"/>
      <node ref="C29" pin="2"/>
      <node ref="C28" pin="2"/>
      <node ref="J3" pin="2"/>
      <node ref="J1" pin="2"/>
      <node ref="S1" pin="2"/>
      <node ref="S1" pin="3"/>
      <node ref="J4" pin="3"/>
      <node ref="H4" pin="1"/>
      <node ref="H3" pin="1"/>
      <node ref="H2" pin="1"/>
      <node ref="H1" pin="1"/>
      <node ref="J2" pin="9"/>
      <node ref="J2" pin="5"/>
      <node ref="J2" pin="3"/>
      <node ref="C30" pin="2"/>
      <node ref="C35" pin="2"/>
      <node ref="C34" pin="2"/>
      <node ref="C33" pin="2"/>
      <node ref="C13" pin="2"/>
      <node ref="C12" pin="2"/>
      <node ref="C11" pin="2"/>
      <node ref="C10" pin="2"/>
      <node ref="C9" pin="2"/>
      <node ref="C8" pin="2"/>
      <node ref="C7" pin="2"/>
      <node ref="C17" pin="2"/>
      <node ref="U1" pin="1"/>
      <node ref="R11" pin="1"/>
      <node ref="C16" pin="2"/>
      <node ref="C27" pin="1"/>
      <node ref="C36" pin="2"/>
      <node ref="HSE1" pin="4"/>
      <node ref="HSE1" pin="2"/>
      <node ref="C37" pin="2"/>
      <node ref="R4" pin="1"/>
      <node ref="C15" pin="2"/>
      <node ref="C26" pin="2"/>
      <node ref="C25" pin="2"/>
      <node ref="C24" pin="2"/>
      <node ref="C23" pin="2"/>
      <node ref="C22" pin="2"/>
      <node ref="C21" pin="2"/>
      <node ref="C20" pin="2"/>
      <node ref="C1" pin="2"/>
      <node ref="C2" pin="2"/>
      <node ref="C3" pin="2"/>
      <node ref="C4" pin="2"/>
      <node ref="C6" pin="2"/>
      <node ref="C5" pin="2"/>
      <node ref="C14" pin="2"/>
      <node ref="C32" pin="2"/>
      <node ref="C31" pin="2"/>
      <node ref="C19" pin="2"/>
      <node ref="C18" pin="2"/>
      <node ref="J5" pin="SH2"/>
      <node ref="U2" pin="51"/>
      <node ref="U2" pin="61"/>
      <node ref="U6" pin="2"/>
      <node ref="J5" pin="SW2"/>
      <node ref="J5" pin="SH4"/>
      <node ref="J5" pin="SH3"/>
      <node ref="J5" pin="SH1"/>
      <node ref="J5" pin="6"/>
      <node ref="J7" pin="2"/>
      <node ref="U2" pin="83"/>
      <node ref="U3" pin="2"/>
      <node ref="C39" pin="1"/>
      <node ref="J6" pin="3"/>
      <node ref="U2" pin="107"/>
      <node ref="U2" pin="120"/>
      <node ref="U2" pin="130"/>
      <node ref="U2" pin="16"/>
      <node ref="U2" pin="38"/>
      <node ref="U4" pin="2"/>
      <node ref="C38" pin="1"/>
      <node ref="C40" pin="1"/>
      <node ref="C41" pin="1"/>
      <node ref="R15" pin="1"/>
      <node ref="J6" pin="1"/>
      <node ref="U5" pin="2"/>
      <node ref="U2" pin="31"/>
      <node ref="U2" pin="94"/>
    </net>
    <net code="5" name="Net-(C42-Pad1)">
      <node ref="R22" pin="2"/>
      <node ref="U3" pin="1"/>
      <node ref="R17" pin="2"/>
      <node ref="C42" pin="1"/>
    </net>
    <net code="6" name="Net-(C44-Pad1)">
      <node ref="U5" pin="1"/>
      <node ref="R24" pin="2"/>
      <node ref="R19" pin="2"/>
      <node ref="C44" pin="1"/>
    </net>
    <net code="7" name="Net-(C47-Pad1)">
      <node ref="U4" pin="4"/>
      <node ref="C47" pin="1"/>
      <node ref="R18" pin="1"/>
    </net>
    <net code="8" name="Net-(C45-Pad2)">
      <node ref="C49" pin="2"/>
      <node ref="R28" pin="2"/>
      <node ref="R24" pin="1"/>
      <node ref="C45" pin="2"/>
    </net>
    <net code="9" name="VREF">
      <node ref="IC1" pin="6"/>
      <node ref="R28" pin="1"/>
      <node ref="C38" pin="2"/>
      <node ref="U4" pin="3"/>
      <node ref="R26" pin="1"/>
      <node ref="R27" pin="1"/>
      <node ref="U3" pin="3"/>
      <node ref="R16" pin="1"/>
      <node ref="C39" pin="2"/>
      <node ref="R25" pin="1"/>
      <node ref="U6" pin="3"/>
      <node ref="U5" pin="3"/>
    </net>
    <net code="10" name="Net-(U5-Pad5)">
      <node ref="U5" pin="5"/>
    </net>
    <net code="11" name="Net-(J5-PadMH1)">
      <node ref="J5" pin="MH1"/>
    </net>
    <net code="12" name="Net-(U4-Pad5)">
      <node ref="U4" pin="5"/>
    </net>
    <net code="13" name="Net-(U3-Pad5)">
      <node ref="U3" pin="5"/>
    </net>
    <net code="14" name="V_OUT">
      <node ref="U6" pin="1"/>
      <node ref="U2" pin="22"/>
      <node ref="J7" pin="1"/>
      <node ref="C45" pin="1"/>
      <node ref="R20" pin="2"/>
    </net>
    <net code="15" name="uSD_D0">
      <node ref="R9" pin="1"/>
      <node ref="U2" pin="98"/>
      <node ref="J5" pin="7"/>
    </net>
    <net code="16" name="Net-(J5-PadMH2)">
      <node ref="J5" pin="MH2"/>
    </net>
    <net code="17" name="Net-(J5-PadSW1)">
      <node ref="J5" pin="SW1"/>
      <node ref="R13" pin="2"/>
    </net>
    <net code="18" name="uSD_Detect">
      <node ref="R13" pin="1"/>
      <node ref="U2" pin="104"/>
      <node ref="R12" pin="1"/>
    </net>
    <net code="19" name="Net-(C49-Pad1)">
      <node ref="U6" pin="4"/>
      <node ref="R20" pin="1"/>
      <node ref="C49" pin="1"/>
    </net>
    <net code="20" name="Net-(U6-Pad5)">
      <node ref="U6" pin="5"/>
    </net>
    <net code="21" name="Net-(IC1-Pad2)">
      <node ref="IC1" pin="2"/>
      <node ref="R16" pin="2"/>
    </net>
    <net code="22" name="Net-(C40-Pad2)">
      <node ref="R15" pin="2"/>
      <node ref="R14" pin="1"/>
      <node ref="IC1" pin="3"/>
      <node ref="C41" pin="2"/>
      <node ref="C40" pin="2"/>
    </net>
    <net code="23" name="VREF+">
      <node ref="U2" pin="32"/>
      <node ref="C34" pin="1"/>
      <node ref="C35" pin="1"/>
      <node ref="R3" pin="1"/>
    </net>
    <net code="24" name="Net-(C43-Pad2)">
      <node ref="R26" pin="2"/>
      <node ref="R22" pin="1"/>
      <node ref="C43" pin="2"/>
      <node ref="C47" pin="2"/>
    </net>
    <net code="25" name="Net-(J6-Pad2)">
      <node ref="J6" pin="2"/>
      <node ref="R21" pin="2"/>
    </net>
    <net code="26" name="Net-(C42-Pad2)">
      <node ref="R21" pin="1"/>
      <node ref="R25" pin="2"/>
      <node ref="C46" pin="2"/>
      <node ref="C42" pin="2"/>
    </net>
    <net code="27" name="Net-(C46-Pad1)">
      <node ref="R17" pin="1"/>
      <node ref="C46" pin="1"/>
      <node ref="U3" pin="4"/>
    </net>
    <net code="28" name="Net-(U2-Pad141)">
      <node ref="U2" pin="141"/>
    </net>
    <net code="29" name="Net-(U2-Pad19)">
      <node ref="U2" pin="19"/>
    </net>
    <net code="30" name="Net-(U2-Pad20)">
      <node ref="U2" pin="20"/>
    </net>
    <net code="31" name="Net-(U2-Pad21)">
      <node ref="U2" pin="21"/>
    </net>
    <net code="32" name="Net-(U2-Pad49)">
      <node ref="U2" pin="49"/>
    </net>
    <net code="33" name="Net-(U2-Pad50)">
      <node ref="U2" pin="50"/>
    </net>
    <net code="34" name="Net-(U2-Pad53)">
      <node ref="U2" pin="53"/>
    </net>
    <net code="35" name="Net-(U2-Pad54)">
      <node ref="U2" pin="54"/>
    </net>
    <net code="36" name="Net-(U2-Pad55)">
      <node ref="U2" pin="55"/>
    </net>
    <net code="37" name="Net-(U2-Pad18)">
      <node ref="U2" pin="18"/>
    </net>
    <net code="38" name="Net-(U2-Pad142)">
      <node ref="U2" pin="142"/>
    </net>
    <net code="39" name="Net-(U2-Pad1)">
      <node ref="U2" pin="1"/>
    </net>
    <net code="40" name="Net-(U2-Pad2)">
      <node ref="U2" pin="2"/>
    </net>
    <net code="41" name="Net-(U2-Pad3)">
      <node ref="U2" pin="3"/>
    </net>
    <net code="42" name="Net-(U2-Pad4)">
      <node ref="U2" pin="4"/>
    </net>
    <net code="43" name="Net-(U2-Pad5)">
      <node ref="U2" pin="5"/>
    </net>
    <net code="44" name="Net-(U2-Pad58)">
      <node ref="U2" pin="58"/>
    </net>
    <net code="45" name="Net-(U2-Pad59)">
      <node ref="U2" pin="59"/>
    </net>
    <net code="46" name="Net-(U2-Pad15)">
      <node ref="U2" pin="15"/>
    </net>
    <net code="47" name="Net-(U2-Pad14)">
      <node ref="U2" pin="14"/>
    </net>
    <net code="48" name="Net-(U2-Pad13)">
      <node ref="U2" pin="13"/>
    </net>
    <net code="49" name="Net-(U2-Pad12)">
      <node ref="U2" pin="12"/>
    </net>
    <net code="50" name="Net-(U2-Pad11)">
      <node ref="U2" pin="11"/>
    </net>
    <net code="51" name="Net-(U2-Pad10)">
      <node ref="U2" pin="10"/>
    </net>
    <net code="52" name="Net-(U2-Pad132)">
      <node ref="U2" pin="132"/>
    </net>
    <net code="53" name="Net-(U2-Pad129)">
      <node ref="U2" pin="129"/>
    </net>
    <net code="54" name="Net-(U2-Pad128)">
      <node ref="U2" pin="128"/>
    </net>
    <net code="55" name="Net-(U2-Pad127)">
      <node ref="U2" pin="127"/>
    </net>
    <net code="56" name="Net-(U2-Pad126)">
      <node ref="U2" pin="126"/>
    </net>
    <net code="57" name="Net-(U2-Pad125)">
      <node ref="U2" pin="125"/>
    </net>
    <net code="58" name="Net-(U2-Pad124)">
      <node ref="U2" pin="124"/>
    </net>
    <net code="59" name="Net-(U2-Pad93)">
      <node ref="U2" pin="93"/>
    </net>
    <net code="60" name="Net-(U2-Pad92)">
      <node ref="U2" pin="92"/>
    </net>
    <net code="61" name="Net-(U2-Pad123)">
      <node ref="U2" pin="123"/>
    </net>
    <net code="62" name="Net-(U2-Pad76)">
      <node ref="U2" pin="76"/>
    </net>
    <net code="63" name="Net-(U2-Pad26)">
      <node ref="U2" pin="26"/>
    </net>
    <net code="64" name="Net-(U2-Pad27)">
      <node ref="U2" pin="27"/>
    </net>
    <net code="65" name="Net-(U2-Pad28)">
      <node ref="U2" pin="28"/>
    </net>
    <net code="66" name="Net-(U2-Pad29)">
      <node ref="U2" pin="29"/>
    </net>
    <net code="67" name="Net-(U2-Pad44)">
      <node ref="U2" pin="44"/>
    </net>
    <net code="68" name="Net-(U2-Pad45)">
      <node ref="U2" pin="45"/>
    </net>
    <net code="69" name="Net-(U2-Pad8)">
      <node ref="U2" pin="8"/>
    </net>
    <net code="70" name="Net-(U2-Pad9)">
      <node ref="U2" pin="9"/>
    </net>
    <net code="71" name="Net-(U2-Pad114)">
      <node ref="U2" pin="114"/>
    </net>
    <net code="72" name="Net-(U2-Pad115)">
      <node ref="U2" pin="115"/>
    </net>
    <net code="73" name="Net-(U2-Pad117)">
      <node ref="U2" pin="117"/>
    </net>
    <net code="74" name="Net-(U2-Pad118)">
      <node ref="U2" pin="118"/>
    </net>
    <net code="75" name="Net-(U2-Pad119)">
      <node ref="U2" pin="119"/>
    </net>
    <net code="76" name="Net-(U2-Pad122)">
      <node ref="U2" pin="122"/>
    </net>
    <net code="77" name="Net-(U2-Pad91)">
      <node ref="U2" pin="91"/>
    </net>
    <net code="78" name="Net-(U2-Pad77)">
      <node ref="U2" pin="77"/>
    </net>
    <net code="79" name="Net-(U2-Pad78)">
      <node ref="U2" pin="78"/>
    </net>
    <net code="80" name="Net-(U2-Pad79)">
      <node ref="U2" pin="79"/>
    </net>
    <net code="81" name="Net-(U2-Pad80)">
      <node ref="U2" pin="80"/>
    </net>
    <net code="82" name="Net-(U2-Pad81)">
      <node ref="U2" pin="81"/>
    </net>
    <net code="83" name="Net-(U2-Pad82)">
      <node ref="U2" pin="82"/>
    </net>
    <net code="84" name="Net-(U2-Pad85)">
      <node ref="U2" pin="85"/>
    </net>
    <net code="85" name="Net-(U2-Pad86)">
      <node ref="U2" pin="86"/>
    </net>
    <net code="86" name="Net-(U2-Pad68)">
      <node ref="U2" pin="68"/>
    </net>
    <net code="87" name="Net-(U2-Pad67)">
      <node ref="U2" pin="67"/>
    </net>
    <net code="88" name="Net-(U2-Pad66)">
      <node ref="U2" pin="66"/>
    </net>
    <net code="89" name="Net-(U2-Pad65)">
      <node ref="U2" pin="65"/>
    </net>
    <net code="90" name="Net-(U2-Pad64)">
      <node ref="U2" pin="64"/>
    </net>
    <net code="91" name="Net-(U2-Pad63)">
      <node ref="U2" pin="63"/>
    </net>
    <net code="92" name="Net-(U2-Pad60)">
      <node ref="U2" pin="60"/>
    </net>
    <net code="93" name="Net-(U2-Pad7)">
      <node ref="U2" pin="7"/>
    </net>
    <net code="94" name="Net-(U2-Pad90)">
      <node ref="U2" pin="90"/>
    </net>
    <net code="95" name="Net-(U2-Pad89)">
      <node ref="U2" pin="89"/>
    </net>
    <net code="96" name="Net-(U2-Pad88)">
      <node ref="U2" pin="88"/>
    </net>
    <net code="97" name="Net-(U2-Pad87)">
      <node ref="U2" pin="87"/>
    </net>
    <net code="98" name="Net-(U2-Pad57)">
      <node ref="U2" pin="57"/>
    </net>
    <net code="99" name="Net-(U2-Pad56)">
      <node ref="U2" pin="56"/>
    </net>
    <net code="100" name="VCC">
      <node ref="D2" pin="2"/>
      <node ref="J1" pin="1"/>
    </net>
    <net code="101" name="3V3">
      <node ref="IC1" pin="7"/>
      <node ref="U2" pin="95"/>
      <node ref="J2" pin="1"/>
      <node ref="C7" pin="1"/>
      <node ref="C17" pin="1"/>
      <node ref="C21" pin="1"/>
      <node ref="C22" pin="1"/>
      <node ref="C23" pin="1"/>
      <node ref="C24" pin="1"/>
      <node ref="C25" pin="1"/>
      <node ref="C26" pin="1"/>
      <node ref="C16" pin="1"/>
      <node ref="J5" pin="4"/>
      <node ref="C8" pin="1"/>
      <node ref="C9" pin="1"/>
      <node ref="C10" pin="1"/>
      <node ref="C11" pin="1"/>
      <node ref="C12" pin="1"/>
      <node ref="C13" pin="1"/>
      <node ref="U4" pin="6"/>
      <node ref="J3" pin="1"/>
      <node ref="U2" pin="72"/>
      <node ref="U2" pin="84"/>
      <node ref="U2" pin="62"/>
      <node ref="D1" pin="2"/>
      <node ref="R5" pin="1"/>
      <node ref="U2" pin="6"/>
      <node ref="U2" pin="108"/>
      <node ref="U2" pin="121"/>
      <node ref="U2" pin="131"/>
      <node ref="U2" pin="144"/>
      <node ref="U2" pin="17"/>
      <node ref="U2" pin="30"/>
      <node ref="U2" pin="39"/>
      <node ref="U2" pin="52"/>
      <node ref="U6" pin="6"/>
      <node ref="C32" pin="1"/>
      <node ref="C20" pin="1"/>
      <node ref="R9" pin="2"/>
      <node ref="R8" pin="2"/>
      <node ref="R12" pin="2"/>
      <node ref="R7" pin="2"/>
      <node ref="U3" pin="6"/>
      <node ref="R10" pin="2"/>
      <node ref="FB2" pin="2"/>
      <node ref="U5" pin="6"/>
      <node ref="C18" pin="1"/>
      <node ref="C19" pin="1"/>
      <node ref="R14" pin="2"/>
      <node ref="U1" pin="2"/>
      <node ref="C5" pin="1"/>
      <node ref="C6" pin="1"/>
      <node ref="C4" pin="1"/>
      <node ref="C3" pin="1"/>
      <node ref="C2" pin="1"/>
      <node ref="C1" pin="1"/>
      <node ref="C14" pin="1"/>
      <node ref="R6" pin="2"/>
      <node ref="C15" pin="1"/>
    </net>
    <net code="102" name="Net-(U2-Pad75)">
      <node ref="U2" pin="75"/>
    </net>
    <net code="103" name="Net-(U2-Pad48)">
      <node ref="U2" pin="48"/>
    </net>
    <net code="104" name="uSD_D3">
      <node ref="U2" pin="112"/>
      <node ref="J5" pin="2"/>
      <node ref="R7" pin="1"/>
    </net>
    <net code="105" name="uSD_D2">
      <node ref="U2" pin="111"/>
      <node ref="J5" pin="1"/>
      <node ref="R8" pin="1"/>
    </net>
    <net code="106" name="uSD_D1">
      <node ref="R10" pin="1"/>
      <node ref="U2" pin="99"/>
      <node ref="J5" pin="8"/>
    </net>
    <net code="107" name="uSD_CLK">
      <node ref="J5" pin="5"/>
      <node ref="U2" pin="113"/>
    </net>
    <net code="108" name="uSD_CMD">
      <node ref="U2" pin="116"/>
      <node ref="R6" pin="1"/>
      <node ref="J5" pin="3"/>
    </net>
    <net code="109" name="Net-(U2-Pad100)">
      <node ref="U2" pin="100"/>
    </net>
    <net code="110" name="USART6_TX">
      <node ref="J4" pin="1"/>
      <node ref="U2" pin="96"/>
    </net>
    <net code="111" name="USART6_RX">
      <node ref="U2" pin="97"/>
      <node ref="J4" pin="2"/>
    </net>
    <net code="112" name="Net-(U2-Pad34)">
      <node ref="U2" pin="34"/>
    </net>
    <net code="113" name="Net-(U2-Pad35)">
      <node ref="U2" pin="35"/>
    </net>
    <net code="114" name="Net-(U2-Pad36)">
      <node ref="U2" pin="36"/>
    </net>
    <net code="115" name="Net-(U2-Pad37)">
      <node ref="U2" pin="37"/>
    </net>
    <net code="116" name="Net-(U2-Pad40)">
      <node ref="U2" pin="40"/>
    </net>
    <net code="117" name="Net-(U2-Pad41)">
      <node ref="U2" pin="41"/>
    </net>
    <net code="118" name="Net-(U2-Pad42)">
      <node ref="U2" pin="42"/>
    </net>
    <net code="119" name="Net-(U2-Pad43)">
      <node ref="U2" pin="43"/>
    </net>
    <net code="120" name="Net-(U2-Pad101)">
      <node ref="U2" pin="101"/>
    </net>
    <net code="121" name="Net-(U2-Pad102)">
      <node ref="U2" pin="102"/>
    </net>
    <net code="122" name="Net-(U2-Pad103)">
      <node ref="U2" pin="103"/>
    </net>
    <net code="123" name="Net-(U2-Pad110)">
      <node ref="U2" pin="110"/>
    </net>
    <net code="124" name="Net-(U2-Pad46)">
      <node ref="U2" pin="46"/>
    </net>
    <net code="125" name="Net-(U2-Pad47)">
      <node ref="U2" pin="47"/>
    </net>
    <net code="126" name="Net-(U2-Pad134)">
      <node ref="U2" pin="134"/>
    </net>
    <net code="127" name="Net-(U2-Pad135)">
      <node ref="U2" pin="135"/>
    </net>
    <net code="128" name="Net-(U2-Pad136)">
      <node ref="U2" pin="136"/>
    </net>
    <net code="129" name="Net-(U2-Pad137)">
      <node ref="U2" pin="137"/>
    </net>
    <net code="130" name="Net-(U2-Pad139)">
      <node ref="U2" pin="139"/>
    </net>
    <net code="131" name="Net-(U2-Pad140)">
      <node ref="U2" pin="140"/>
    </net>
    <net code="132" name="Net-(U2-Pad70)">
      <node ref="U2" pin="70"/>
    </net>
    <net code="133" name="Net-(U2-Pad73)">
      <node ref="U2" pin="73"/>
    </net>
    <net code="134" name="Net-(U2-Pad74)">
      <node ref="U2" pin="74"/>
    </net>
    <net code="135" name="Net-(IC1-Pad1)">
      <node ref="IC1" pin="1"/>
    </net>
    <net code="136" name="Net-(IC1-Pad5)">
      <node ref="IC1" pin="5"/>
    </net>
    <net code="137" name="Net-(IC1-Pad8)">
      <node ref="IC1" pin="8"/>
    </net>
    <net code="138" name="Net-(D1-Pad1)">
      <node ref="R1" pin="1"/>
      <node ref="D1" pin="1"/>
    </net>
    <net code="139" name="HSE_OUT">
      <node ref="R2" pin="1"/>
      <node ref="U2" pin="24"/>
    </net>
    <net code="140" name="HSE_IN">
      <node ref="HSE1" pin="1"/>
      <node ref="C28" pin="1"/>
      <node ref="U2" pin="23"/>
    </net>
    <net code="141" name="Net-(C29-Pad1)">
      <node ref="HSE1" pin="3"/>
      <node ref="C29" pin="1"/>
      <node ref="R2" pin="2"/>
    </net>
    <net code="142" name="BOOT0">
      <node ref="R4" pin="2"/>
      <node ref="U2" pin="138"/>
    </net>
    <net code="143" name="+3.3VA">
      <node ref="FB2" pin="1"/>
      <node ref="U2" pin="33"/>
      <node ref="R3" pin="2"/>
      <node ref="C36" pin="1"/>
      <node ref="C37" pin="1"/>
    </net>
    <net code="144" name="Net-(C31-Pad1)">
      <node ref="FB1" pin="1"/>
      <node ref="C31" pin="1"/>
      <node ref="U1" pin="3"/>
    </net>
    <net code="145" name="Net-(F1-Pad2)">
      <node ref="FB1" pin="2"/>
      <node ref="F1" pin="2"/>
    </net>
    <net code="146" name="Net-(D2-Pad1)">
      <node ref="D2" pin="1"/>
      <node ref="F1" pin="1"/>
    </net>
    <net code="147" name="PDR_ON">
      <node ref="R5" pin="2"/>
      <node ref="U2" pin="143"/>
    </net>
    <net code="148" name="SWCLK">
      <node ref="U2" pin="109"/>
      <node ref="J2" pin="4"/>
    </net>
    <net code="149" name="SWO">
      <node ref="U2" pin="133"/>
      <node ref="J2" pin="6"/>
    </net>
    <net code="150" name="Net-(C30-Pad1)">
      <node ref="C30" pin="1"/>
      <node ref="U2" pin="71"/>
    </net>
    <net code="151" name="Net-(C33-Pad1)">
      <node ref="U2" pin="106"/>
      <node ref="C33" pin="1"/>
    </net>
    <net code="152" name="SWDIO">
      <node ref="J2" pin="2"/>
      <node ref="U2" pin="105"/>
    </net>
    <net code="153" name="Net-(J2-Pad7)">
      <node ref="J2" pin="7"/>
    </net>
    <net code="154" name="Net-(J2-Pad8)">
      <node ref="J2" pin="8"/>
    </net>
    <net code="155" name="NRST">
      <node ref="J2" pin="10"/>
      <node ref="S1" pin="1"/>
      <node ref="S1" pin="4"/>
      <node ref="U2" pin="25"/>
      <node ref="C27" pin="2"/>
    </net>
    <net code="156" name="Net-(D3-Pad1)">
      <node ref="R11" pin="2"/>
      <node ref="D3" pin="1"/>
    </net>
    <net code="157" name="Net-(D3-Pad2)">
      <node ref="U2" pin="69"/>
      <node ref="D3" pin="2"/>
    </net>
  </nets>
</export>
