Ultiboard Information Export File,,,,,,,,,
,,,,,,,,,
Design Name  : OPA659_At1_6 - Part centroids,,,,,,,,,
Report Date  : 14 November 2019,,,,,,,,,
Report Time  : 14:20,,,,,,,,,
--------------------------------------------------------------------------------,,,,,,,,,
,,,,,,,,,
REFDES,VALUE,X_CENTRE[mil],Y_CENTRE[mil],ROT,SIDE,TYPE,FOOTPRINT,,DEVICE
,,,,,,,,,
BATTERY,282834-2,2180,2810,270,TOP,UNKNOWN,TE_282834-2,TERMINAL_BLOCKS,
"BIASED
SIGNAL",HDR1X2,3630,1620,0,TOP,THD,HDR1X2,HEADERS_TEST,
C1,220uF,2315.07874,2273.85039,90,TOP,SMD,CAPAE660X540N,CAP_ELECTROLIT,
C2,1uF,2320,2580,270,TOP,SMD,CAPC1608X95N,CAPACITOR,
C3,100pF,2200,2580,270,TOP,SMD,CAPC1608X95N,CAPACITOR,
C4,100pF,2280,3020,0,TOP,SMD,CAPC1608X95N,CAPACITOR,
C7,100pF,2840,2620,0,TOP,SMD,CAPC1608X95N,CAPACITOR,
C8,100pF,2802.95276,2372.91339,270,TOP,SMD,CAPC1608X95N,CAPACITOR,
C9,10pF,2900,2760,270,TOP,SMD,CAPC1608X95N,CAPACITOR,
C10,47uF,3057.44094,2027.8426,180,TOP,SMD,CAPAE660X790N,CAP_ELECTROLIT,
C11,47uF,3394.68504,2376.89772,0,TOP,SMD,CAPAE660X790N,CAP_ELECTROLIT,
C12,47uF,3520,2020,0,TOP,SMD,CAPAE660X790N,CAP_ELECTROLIT,
C13,47uF,3769.33071,2402.48827,270,TOP,SMD,CAPAE660X790N,CAP_ELECTROLIT,
C14,100nF,2802.95276,2048.50394,90,TOP,SMD,CAPC1608X95N,CAPACITOR,
"FILTER
OUTPUT",HDR1X2,2930,1620,0,TOP,THD,HDR1X2,HEADERS_TEST,
J1,SMAh-edge,2100,1880.25,0,TOP,SMD,SMAh-edge,Connectors,
R1,34.8kOhm,2594.80315,2591.88976,90,TOP,SMD,RESC1608X63N,RESISTOR,
R2,50kOhm,2937.51969,2519.4174,0,TOP,SMD,RESC1608X63N,RESISTOR,
R3,100kOhm,3155.00795,1773.11819,90,TOP,SMD,RESC1608X63N,RESISTOR,
R4,100kOhm,2672.24409,1894.48031,0,TOP,SMD,RESC1608X63N,RESISTOR,
R6,35.7kOhm,2400,1880,180,TOP,SMD,RESC1608X63N,RESISTOR,
R8,187Ohm,2740,2800,90,TOP,SMD,RESC1608X63N,RESISTOR,
R9,2.49kOhm,2417.99213,2997.59843,0,TOP,SMD,RESC1608X63N,RESISTOR,
R10,187Ohm,2802.12598,2210.70866,270,TOP,SMD,RESC1608X63N,RESISTOR,
R11,2.49kOhm,2680,2140,0,TOP,SMD,RESC1608X63N,RESISTOR,
R12,44.2kOhm,2520,2060,270,TOP,SMD,RESC1608X63N,RESISTOR,
R13,66.5kOhm,2086.06299,2570.55118,270,TOP,SMD,RESC1608X63N,RESISTOR,
R14,10kOhm,2086.06299,2410.15748,90,TOP,SMD,RESC1608X63N,RESISTOR,
R15,6.34kOhm,2680,1960,180,TOP,SMD,RESC1608X63N,RESISTOR,
R16,50kOhm,3097.91339,2519.4174,0,TOP,SMD,RESC1608X63N,RESISTOR,
R17,330Ohm,2820,1840,90,TOP,SMD,RESC1608X63N,RESISTOR,
U1,OPA659IDBVR,2441.45669,2573.34646,0,TOP,SMD,SOT95P280X145-5N,OPAMP,
U2,OPA659IDBVR,2648.77953,2382.75591,0,TOP,SMD,SOT95P280X145-5N,OPAMP,
U3,TLE2426CD,2560,2800,180,TOP,SMD,SOIC127P600X175-8N,SPECIAL_FUNCTION,
U5,LMH6643MA,3025.94488,2331.62213,0,TOP,SMD,SOIC127P600X175-8N,OPAMP,
U6,LT1528CQ,3579.04331,2859.99988,0,TOP,SMD,TO170P1405X457-6N,VOLTAGE_REGULATOR,
